"filename", "language", "YAML", "Dart", "Markdown", "Properties", "Groovy", "XML", "Java", "GraphQL", "JSON", "HTML", "Swift", "C++", "Ruby", "Objective-C", "comment", "blank", "total"
"/Users/juanma/development/flutter/release-untitled-startup/untitled_client/android/app/build.gradle", "Groovy", 0, 0, 0, 0, 49, 0, 0, 0, 0, 0, 0, 0, 0, 0, 3, 11, 63
"/Users/juanma/development/flutter/release-untitled-startup/untitled_client/android/app/src/debug/AndroidManifest.xml", "XML", 0, 0, 0, 0, 0, 5, 0, 0, 0, 0, 0, 0, 0, 0, 3, 1, 9
"/Users/juanma/development/flutter/release-untitled-startup/untitled_client/android/app/src/main/AndroidManifest.xml", "XML", 0, 0, 0, 0, 0, 33, 0, 0, 0, 0, 0, 0, 0, 0, 11, 1, 45
"/Users/juanma/development/flutter/release-untitled-startup/untitled_client/android/app/src/main/kotlin/com/example/untitled_client/ExampleAppGlideModule.java", "Java", 0, 0, 0, 0, 0, 0, 6, 0, 0, 0, 0, 0, 0, 0, 0, 2, 8
"/Users/juanma/development/flutter/release-untitled-startup/untitled_client/android/app/src/main/res/drawable-v21/launch_background.xml", "XML", 0, 0, 0, 0, 0, 4, 0, 0, 0, 0, 0, 0, 0, 0, 7, 2, 13
"/Users/juanma/development/flutter/release-untitled-startup/untitled_client/android/app/src/main/res/drawable/launch_background.xml", "XML", 0, 0, 0, 0, 0, 4, 0, 0, 0, 0, 0, 0, 0, 0, 7, 2, 13
"/Users/juanma/development/flutter/release-untitled-startup/untitled_client/android/app/src/main/res/values-night/styles.xml", "XML", 0, 0, 0, 0, 0, 9, 0, 0, 0, 0, 0, 0, 0, 0, 9, 1, 19
"/Users/juanma/development/flutter/release-untitled-startup/untitled_client/android/app/src/main/res/values/styles.xml", "XML", 0, 0, 0, 0, 0, 9, 0, 0, 0, 0, 0, 0, 0, 0, 9, 1, 19
"/Users/juanma/development/flutter/release-untitled-startup/untitled_client/android/app/src/profile/AndroidManifest.xml", "XML", 0, 0, 0, 0, 0, 4, 0, 0, 0, 0, 0, 0, 0, 0, 3, 1, 8
"/Users/juanma/development/flutter/release-untitled-startup/untitled_client/android/build.gradle", "Groovy", 0, 0, 0, 0, 38, 0, 0, 0, 0, 0, 0, 0, 0, 0, 0, 5, 43
"/Users/juanma/development/flutter/release-untitled-startup/untitled_client/android/gradle.properties", "Properties", 0, 0, 0, 3, 0, 0, 0, 0, 0, 0, 0, 0, 0, 0, 0, 1, 4
"/Users/juanma/development/flutter/release-untitled-startup/untitled_client/android/gradle/wrapper/gradle-wrapper.properties", "Properties", 0, 0, 0, 5, 0, 0, 0, 0, 0, 0, 0, 0, 0, 0, 1, 1, 7
"/Users/juanma/development/flutter/release-untitled-startup/untitled_client/android/settings.gradle", "Groovy", 0, 0, 0, 0, 8, 0, 0, 0, 0, 0, 0, 0, 0, 0, 0, 4, 12
"/Users/juanma/development/flutter/release-untitled-startup/untitled_client/build.yaml", "YAML", 22, 0, 0, 0, 0, 0, 0, 0, 0, 0, 0, 0, 0, 0, 6, 0, 28
"/Users/juanma/development/flutter/release-untitled-startup/untitled_client/graphql/fragments/commentFragment.graphql", "GraphQL", 0, 0, 0, 0, 0, 0, 0, 24, 0, 0, 0, 0, 0, 0, 0, 0, 24
"/Users/juanma/development/flutter/release-untitled-startup/untitled_client/graphql/fragments/fileFragment.graphql", "GraphQL", 0, 0, 0, 0, 0, 0, 0, 4, 0, 0, 0, 0, 0, 0, 0, 0, 4
"/Users/juanma/development/flutter/release-untitled-startup/untitled_client/graphql/fragments/postFragment.graphql", "GraphQL", 0, 0, 0, 0, 0, 0, 0, 29, 0, 0, 0, 0, 0, 0, 0, 0, 29
"/Users/juanma/development/flutter/release-untitled-startup/untitled_client/graphql/fragments/replyFragment.graphql", "GraphQL", 0, 0, 0, 0, 0, 0, 0, 24, 0, 0, 0, 0, 0, 0, 0, 0, 24
"/Users/juanma/development/flutter/release-untitled-startup/untitled_client/graphql/fragments/tokensFragment.graphql", "GraphQL", 0, 0, 0, 0, 0, 0, 0, 4, 0, 0, 0, 0, 0, 0, 0, 0, 4
"/Users/juanma/development/flutter/release-untitled-startup/untitled_client/graphql/fragments/userFragment.graphql", "GraphQL", 0, 0, 0, 0, 0, 0, 0, 7, 0, 0, 0, 0, 0, 0, 0, 0, 7
"/Users/juanma/development/flutter/release-untitled-startup/untitled_client/graphql/fragments/videogamesFragment.graphql", "GraphQL", 0, 0, 0, 0, 0, 0, 0, 10, 0, 0, 0, 0, 0, 0, 0, 0, 10
"/Users/juanma/development/flutter/release-untitled-startup/untitled_client/graphql/mutations/addNewDeviceToken.graphql", "GraphQL", 0, 0, 0, 0, 0, 0, 0, 3, 0, 0, 0, 0, 0, 0, 0, 0, 3
"/Users/juanma/development/flutter/release-untitled-startup/untitled_client/graphql/mutations/addUserInterests.graphql", "GraphQL", 0, 0, 0, 0, 0, 0, 0, 3, 0, 0, 0, 0, 0, 0, 0, 0, 3
"/Users/juanma/development/flutter/release-untitled-startup/untitled_client/graphql/mutations/changePasswordAndSignIn.graphql", "GraphQL", 0, 0, 0, 0, 0, 0, 0, 24, 0, 0, 0, 0, 0, 0, 0, 0, 24
"/Users/juanma/development/flutter/release-untitled-startup/untitled_client/graphql/mutations/createComment.graphql", "GraphQL", 0, 0, 0, 0, 0, 0, 0, 13, 0, 0, 0, 0, 0, 0, 0, 0, 13
"/Users/juanma/development/flutter/release-untitled-startup/untitled_client/graphql/mutations/createPost.graphql", "GraphQL", 0, 0, 0, 0, 0, 0, 0, 29, 0, 0, 0, 0, 0, 0, 0, 0, 29
"/Users/juanma/development/flutter/release-untitled-startup/untitled_client/graphql/mutations/createReply.graphql", "GraphQL", 0, 0, 0, 0, 0, 0, 0, 15, 0, 0, 0, 0, 0, 0, 0, 0, 15
"/Users/juanma/development/flutter/release-untitled-startup/untitled_client/graphql/mutations/deleteComment.graphql", "GraphQL", 0, 0, 0, 0, 0, 0, 0, 6, 0, 0, 0, 0, 0, 0, 0, 0, 6
"/Users/juanma/development/flutter/release-untitled-startup/untitled_client/graphql/mutations/deletePost.graphql", "GraphQL", 0, 0, 0, 0, 0, 0, 0, 5, 0, 0, 0, 0, 0, 0, 0, 0, 5
"/Users/juanma/development/flutter/release-untitled-startup/untitled_client/graphql/mutations/deleteUser.graphql", "GraphQL", 0, 0, 0, 0, 0, 0, 0, 3, 0, 0, 0, 0, 0, 0, 0, 0, 3
"/Users/juanma/development/flutter/release-untitled-startup/untitled_client/graphql/mutations/deleteUserSearch.graphql", "GraphQL", 0, 0, 0, 0, 0, 0, 0, 3, 0, 0, 0, 0, 0, 0, 0, 0, 3
"/Users/juanma/development/flutter/release-untitled-startup/untitled_client/graphql/mutations/editProfile.graphql", "GraphQL", 0, 0, 0, 0, 0, 0, 0, 26, 0, 0, 0, 0, 0, 0, 0, 0, 26
"/Users/juanma/development/flutter/release-untitled-startup/untitled_client/graphql/mutations/followUnfollowMutation.graphql", "GraphQL", 0, 0, 0, 0, 0, 0, 0, 9, 0, 0, 0, 0, 0, 0, 0, 0, 9
"/Users/juanma/development/flutter/release-untitled-startup/untitled_client/graphql/mutations/likeComment.graphql", "GraphQL", 0, 0, 0, 0, 0, 0, 0, 6, 0, 0, 0, 0, 0, 0, 0, 0, 6
"/Users/juanma/development/flutter/release-untitled-startup/untitled_client/graphql/mutations/likePost.graphql", "GraphQL", 0, 0, 0, 0, 0, 0, 0, 6, 0, 0, 0, 0, 0, 0, 0, 0, 6
"/Users/juanma/development/flutter/release-untitled-startup/untitled_client/graphql/mutations/likeReply.graphql", "GraphQL", 0, 0, 0, 0, 0, 0, 0, 6, 0, 0, 0, 0, 0, 0, 0, 0, 6
"/Users/juanma/development/flutter/release-untitled-startup/untitled_client/graphql/mutations/refreshTokens.graphql", "GraphQL", 0, 0, 0, 0, 0, 0, 0, 5, 0, 0, 0, 0, 0, 0, 0, 0, 5
"/Users/juanma/development/flutter/release-untitled-startup/untitled_client/graphql/mutations/sendResetPasswordEmail.graphql", "GraphQL", 0, 0, 0, 0, 0, 0, 0, 3, 0, 0, 0, 0, 0, 0, 0, 0, 3
"/Users/juanma/development/flutter/release-untitled-startup/untitled_client/graphql/mutations/signIn.graphql", "GraphQL", 0, 0, 0, 0, 0, 0, 0, 14, 0, 0, 0, 0, 0, 0, 0, 0, 14
"/Users/juanma/development/flutter/release-untitled-startup/untitled_client/graphql/mutations/signOut.graphql", "GraphQL", 0, 0, 0, 0, 0, 0, 0, 3, 0, 0, 0, 0, 0, 0, 0, 0, 3
"/Users/juanma/development/flutter/release-untitled-startup/untitled_client/graphql/mutations/signUp.graphql", "GraphQL", 0, 0, 0, 0, 0, 0, 0, 14, 0, 0, 0, 0, 0, 0, 0, 0, 14
"/Users/juanma/development/flutter/release-untitled-startup/untitled_client/graphql/mutations/userTapped.graphql", "GraphQL", 0, 0, 0, 0, 0, 0, 0, 11, 0, 0, 0, 0, 0, 0, 0, 0, 11
"/Users/juanma/development/flutter/release-untitled-startup/untitled_client/graphql/mutations/viewClip.graphql", "GraphQL", 0, 0, 0, 0, 0, 0, 0, 3, 0, 0, 0, 0, 0, 0, 0, 0, 3
"/Users/juanma/development/flutter/release-untitled-startup/untitled_client/graphql/queries/comments.graphql", "GraphQL", 0, 0, 0, 0, 0, 0, 0, 13, 0, 0, 0, 0, 0, 0, 0, 0, 13
"/Users/juanma/development/flutter/release-untitled-startup/untitled_client/graphql/queries/followersList.graphql", "GraphQL", 0, 0, 0, 0, 0, 0, 0, 0, 0, 0, 0, 0, 0, 0, 20, 0, 20
"/Users/juanma/development/flutter/release-untitled-startup/untitled_client/graphql/queries/followingList.graphql", "GraphQL", 0, 0, 0, 0, 0, 0, 0, 0, 0, 0, 0, 0, 0, 0, 20, 0, 20
"/Users/juanma/development/flutter/release-untitled-startup/untitled_client/graphql/queries/followingPosts.graphql", "GraphQL", 0, 0, 0, 0, 0, 0, 0, 11, 0, 0, 0, 0, 0, 0, 0, 0, 11
"/Users/juanma/development/flutter/release-untitled-startup/untitled_client/graphql/queries/me.graphql", "GraphQL", 0, 0, 0, 0, 0, 0, 0, 21, 0, 0, 0, 0, 0, 0, 12, 1, 34
"/Users/juanma/development/flutter/release-untitled-startup/untitled_client/graphql/queries/notifications.graphql", "GraphQL", 0, 0, 0, 0, 0, 0, 0, 224, 0, 0, 0, 0, 0, 0, 0, 0, 224
"/Users/juanma/development/flutter/release-untitled-startup/untitled_client/graphql/queries/posts.graphql", "GraphQL", 0, 0, 0, 0, 0, 0, 0, 11, 0, 0, 0, 0, 0, 0, 0, 1, 12
"/Users/juanma/development/flutter/release-untitled-startup/untitled_client/graphql/queries/replies.graphql", "GraphQL", 0, 0, 0, 0, 0, 0, 0, 16, 0, 0, 0, 0, 0, 0, 0, 0, 16
"/Users/juanma/development/flutter/release-untitled-startup/untitled_client/graphql/queries/searchUsers.graphql", "GraphQL", 0, 0, 0, 0, 0, 0, 0, 11, 0, 0, 0, 0, 0, 0, 0, 0, 11
"/Users/juanma/development/flutter/release-untitled-startup/untitled_client/graphql/queries/searchedUsers.graphql", "GraphQL", 0, 0, 0, 0, 0, 0, 0, 15, 0, 0, 0, 0, 0, 0, 1, 0, 16
"/Users/juanma/development/flutter/release-untitled-startup/untitled_client/graphql/queries/singlePost.graphql", "GraphQL", 0, 0, 0, 0, 0, 0, 0, 5, 0, 0, 0, 0, 0, 0, 0, 0, 5
"/Users/juanma/development/flutter/release-untitled-startup/untitled_client/graphql/queries/user.graphql", "GraphQL", 0, 0, 0, 0, 0, 0, 0, 20, 0, 0, 0, 0, 0, 0, 0, 0, 20
"/Users/juanma/development/flutter/release-untitled-startup/untitled_client/graphql/queries/userFollowers.graphql", "GraphQL", 0, 0, 0, 0, 0, 0, 0, 22, 0, 0, 0, 0, 0, 0, 0, 0, 22
"/Users/juanma/development/flutter/release-untitled-startup/untitled_client/graphql/queries/userFollowing.graphql", "GraphQL", 0, 0, 0, 0, 0, 0, 0, 22, 0, 0, 0, 0, 0, 0, 0, 0, 22
"/Users/juanma/development/flutter/release-untitled-startup/untitled_client/graphql/queries/userPosts.graphql", "GraphQL", 0, 0, 0, 0, 0, 0, 0, 16, 0, 0, 0, 0, 0, 0, 0, 0, 16
"/Users/juanma/development/flutter/release-untitled-startup/untitled_client/graphql/queries/verifyResetCode.graphql", "GraphQL", 0, 0, 0, 0, 0, 0, 0, 3, 0, 0, 0, 0, 0, 0, 0, 0, 3
"/Users/juanma/development/flutter/release-untitled-startup/untitled_client/graphql/queries/videogameGenres.graphql", "GraphQL", 0, 0, 0, 0, 0, 0, 0, 6, 0, 0, 0, 0, 0, 0, 0, 0, 6
"/Users/juanma/development/flutter/release-untitled-startup/untitled_client/graphql/queries/videogamePosts.graphql", "GraphQL", 0, 0, 0, 0, 0, 0, 0, 12, 0, 0, 0, 0, 0, 0, 0, 0, 12
"/Users/juanma/development/flutter/release-untitled-startup/untitled_client/graphql/queries/videogames.graphql", "GraphQL", 0, 0, 0, 0, 0, 0, 0, 16, 0, 0, 0, 0, 0, 0, 0, 1, 17
"/Users/juanma/development/flutter/release-untitled-startup/untitled_client/ios/Runner/AppDelegate.swift", "Swift", 0, 0, 0, 0, 0, 0, 0, 0, 0, 0, 15, 0, 0, 0, 74, 17, 106
"/Users/juanma/development/flutter/release-untitled-startup/untitled_client/ios/Runner/Assets.xcassets/AppIcon.appiconset/Contents.json", "JSON", 0, 0, 0, 0, 0, 0, 0, 0, 122, 0, 0, 0, 0, 0, 0, 1, 123
"/Users/juanma/development/flutter/release-untitled-startup/untitled_client/ios/Runner/Assets.xcassets/LaunchImage.imageset/Contents.json", "JSON", 0, 0, 0, 0, 0, 0, 0, 0, 23, 0, 0, 0, 0, 0, 0, 1, 24
"/Users/juanma/development/flutter/release-untitled-startup/untitled_client/ios/Runner/Assets.xcassets/LaunchImage.imageset/README.md", "Markdown", 0, 0, 3, 0, 0, 0, 0, 0, 0, 0, 0, 0, 0, 0, 0, 2, 5
"/Users/juanma/development/flutter/release-untitled-startup/untitled_client/ios/Runner/Base.lproj/LaunchScreen.storyboard", "XML", 0, 0, 0, 0, 0, 36, 0, 0, 0, 0, 0, 0, 0, 0, 1, 1, 38
"/Users/juanma/development/flutter/release-untitled-startup/untitled_client/ios/Runner/Base.lproj/Main.storyboard", "XML", 0, 0, 0, 0, 0, 25, 0, 0, 0, 0, 0, 0, 0, 0, 1, 1, 27
"/Users/juanma/development/flutter/release-untitled-startup/untitled_client/ios/Runner/Runner-Bridging-Header.h", "C++", 0, 0, 0, 0, 0, 0, 0, 0, 0, 0, 0, 1, 0, 0, 0, 1, 2
"/Users/juanma/development/flutter/release-untitled-startup/untitled_client/keyboard_attachable-2.0.1-copy/CHANGELOG.md", "Markdown", 0, 0, 15, 0, 0, 0, 0, 0, 0, 0, 0, 0, 0, 0, 0, 12, 27
"/Users/juanma/development/flutter/release-untitled-startup/untitled_client/keyboard_attachable-2.0.1-copy/README.md", "Markdown", 0, 0, 47, 0, 0, 0, 0, 0, 0, 0, 0, 0, 0, 0, 0, 23, 70
"/Users/juanma/development/flutter/release-untitled-startup/untitled_client/keyboard_attachable-2.0.1-copy/analysis_options.yaml", "YAML", 138, 0, 0, 0, 0, 0, 0, 0, 0, 0, 0, 0, 0, 0, 0, 2, 140
"/Users/juanma/development/flutter/release-untitled-startup/untitled_client/keyboard_attachable-2.0.1-copy/doc/keyboard_attachable.md", "Markdown", 0, 0, 70, 0, 0, 0, 0, 0, 0, 0, 0, 0, 0, 0, 0, 37, 107
"/Users/juanma/development/flutter/release-untitled-startup/untitled_client/keyboard_attachable-2.0.1-copy/example/README.md", "Markdown", 0, 0, 10, 0, 0, 0, 0, 0, 0, 0, 0, 0, 0, 0, 0, 7, 17
"/Users/juanma/development/flutter/release-untitled-startup/untitled_client/keyboard_attachable-2.0.1-copy/example/android/app/build.gradle", "Groovy", 0, 0, 0, 0, 46, 0, 0, 0, 0, 0, 0, 0, 0, 0, 3, 11, 60
"/Users/juanma/development/flutter/release-untitled-startup/untitled_client/keyboard_attachable-2.0.1-copy/example/android/app/src/debug/AndroidManifest.xml", "XML", 0, 0, 0, 0, 0, 4, 0, 0, 0, 0, 0, 0, 0, 0, 3, 1, 8
"/Users/juanma/development/flutter/release-untitled-startup/untitled_client/keyboard_attachable-2.0.1-copy/example/android/app/src/main/AndroidManifest.xml", "XML", 0, 0, 0, 0, 0, 30, 0, 0, 0, 0, 0, 0, 0, 0, 11, 1, 42
"/Users/juanma/development/flutter/release-untitled-startup/untitled_client/keyboard_attachable-2.0.1-copy/example/android/app/src/main/res/drawable-v21/launch_background.xml", "XML", 0, 0, 0, 0, 0, 4, 0, 0, 0, 0, 0, 0, 0, 0, 7, 2, 13
"/Users/juanma/development/flutter/release-untitled-startup/untitled_client/keyboard_attachable-2.0.1-copy/example/android/app/src/main/res/drawable/launch_background.xml", "XML", 0, 0, 0, 0, 0, 4, 0, 0, 0, 0, 0, 0, 0, 0, 7, 2, 13
"/Users/juanma/development/flutter/release-untitled-startup/untitled_client/keyboard_attachable-2.0.1-copy/example/android/app/src/main/res/values-night/styles.xml", "XML", 0, 0, 0, 0, 0, 9, 0, 0, 0, 0, 0, 0, 0, 0, 9, 1, 19
"/Users/juanma/development/flutter/release-untitled-startup/untitled_client/keyboard_attachable-2.0.1-copy/example/android/app/src/main/res/values/styles.xml", "XML", 0, 0, 0, 0, 0, 9, 0, 0, 0, 0, 0, 0, 0, 0, 9, 1, 19
"/Users/juanma/development/flutter/release-untitled-startup/untitled_client/keyboard_attachable-2.0.1-copy/example/android/app/src/profile/AndroidManifest.xml", "XML", 0, 0, 0, 0, 0, 4, 0, 0, 0, 0, 0, 0, 0, 0, 3, 1, 8
"/Users/juanma/development/flutter/release-untitled-startup/untitled_client/keyboard_attachable-2.0.1-copy/example/android/build.gradle", "Groovy", 0, 0, 0, 0, 27, 0, 0, 0, 0, 0, 0, 0, 0, 0, 0, 5, 32
"/Users/juanma/development/flutter/release-untitled-startup/untitled_client/keyboard_attachable-2.0.1-copy/example/android/gradle.properties", "Properties", 0, 0, 0, 3, 0, 0, 0, 0, 0, 0, 0, 0, 0, 0, 0, 1, 4
"/Users/juanma/development/flutter/release-untitled-startup/untitled_client/keyboard_attachable-2.0.1-copy/example/android/gradle/wrapper/gradle-wrapper.properties", "Properties", 0, 0, 0, 5, 0, 0, 0, 0, 0, 0, 0, 0, 0, 0, 1, 1, 7
"/Users/juanma/development/flutter/release-untitled-startup/untitled_client/keyboard_attachable-2.0.1-copy/example/android/settings.gradle", "Groovy", 0, 0, 0, 0, 8, 0, 0, 0, 0, 0, 0, 0, 0, 0, 0, 4, 12
"/Users/juanma/development/flutter/release-untitled-startup/untitled_client/keyboard_attachable-2.0.1-copy/example/ios/Runner/AppDelegate.swift", "Swift", 0, 0, 0, 0, 0, 0, 0, 0, 0, 0, 12, 0, 0, 0, 0, 2, 14
"/Users/juanma/development/flutter/release-untitled-startup/untitled_client/keyboard_attachable-2.0.1-copy/example/ios/Runner/Assets.xcassets/AppIcon.appiconset/Contents.json", "JSON", 0, 0, 0, 0, 0, 0, 0, 0, 122, 0, 0, 0, 0, 0, 0, 1, 123
"/Users/juanma/development/flutter/release-untitled-startup/untitled_client/keyboard_attachable-2.0.1-copy/example/ios/Runner/Assets.xcassets/LaunchImage.imageset/Contents.json", "JSON", 0, 0, 0, 0, 0, 0, 0, 0, 23, 0, 0, 0, 0, 0, 0, 1, 24
"/Users/juanma/development/flutter/release-untitled-startup/untitled_client/keyboard_attachable-2.0.1-copy/example/ios/Runner/Assets.xcassets/LaunchImage.imageset/README.md", "Markdown", 0, 0, 3, 0, 0, 0, 0, 0, 0, 0, 0, 0, 0, 0, 0, 2, 5
"/Users/juanma/development/flutter/release-untitled-startup/untitled_client/keyboard_attachable-2.0.1-copy/example/ios/Runner/Base.lproj/LaunchScreen.storyboard", "XML", 0, 0, 0, 0, 0, 36, 0, 0, 0, 0, 0, 0, 0, 0, 1, 1, 38
"/Users/juanma/development/flutter/release-untitled-startup/untitled_client/keyboard_attachable-2.0.1-copy/example/ios/Runner/Base.lproj/Main.storyboard", "XML", 0, 0, 0, 0, 0, 25, 0, 0, 0, 0, 0, 0, 0, 0, 1, 1, 27
"/Users/juanma/development/flutter/release-untitled-startup/untitled_client/keyboard_attachable-2.0.1-copy/example/ios/Runner/Runner-Bridging-Header.h", "C++", 0, 0, 0, 0, 0, 0, 0, 0, 0, 0, 0, 1, 0, 0, 0, 1, 2
"/Users/juanma/development/flutter/release-untitled-startup/untitled_client/keyboard_attachable-2.0.1-copy/example/lib/basic.dart", "Dart", 0, 51, 0, 0, 0, 0, 0, 0, 0, 0, 0, 0, 0, 0, 3, 6, 60
"/Users/juanma/development/flutter/release-untitled-startup/untitled_client/keyboard_attachable-2.0.1-copy/example/lib/transition_builder.dart", "Dart", 0, 85, 0, 0, 0, 0, 0, 0, 0, 0, 0, 0, 0, 0, 4, 7, 96
"/Users/juanma/development/flutter/release-untitled-startup/untitled_client/keyboard_attachable-2.0.1-copy/example/pubspec.yaml", "YAML", 17, 0, 0, 0, 0, 0, 0, 0, 0, 0, 0, 0, 0, 0, 0, 5, 22
"/Users/juanma/development/flutter/release-untitled-startup/untitled_client/keyboard_attachable-2.0.1-copy/example/web/index.html", "HTML", 0, 0, 0, 0, 0, 0, 0, 0, 0, 26, 0, 0, 0, 0, 15, 5, 46
"/Users/juanma/development/flutter/release-untitled-startup/untitled_client/keyboard_attachable-2.0.1-copy/example/web/manifest.json", "JSON", 0, 0, 0, 0, 0, 0, 0, 0, 23, 0, 0, 0, 0, 0, 0, 1, 24
"/Users/juanma/development/flutter/release-untitled-startup/untitled_client/keyboard_attachable-2.0.1-copy/lib/keyboard_attachable.dart", "Dart", 0, 3, 0, 0, 0, 0, 0, 0, 0, 0, 0, 0, 0, 0, 0, 2, 5
"/Users/juanma/development/flutter/release-untitled-startup/untitled_client/keyboard_attachable-2.0.1-copy/lib/src/animation/keyboard_animation_controller.dart", "Dart", 0, 7, 0, 0, 0, 0, 0, 0, 0, 0, 0, 0, 0, 0, 0, 5, 12
"/Users/juanma/development/flutter/release-untitled-startup/untitled_client/keyboard_attachable-2.0.1-copy/lib/src/animation/keyboard_animation_injector.dart", "Dart", 0, 16, 0, 0, 0, 0, 0, 0, 0, 0, 0, 0, 0, 0, 0, 5, 21
"/Users/juanma/development/flutter/release-untitled-startup/untitled_client/keyboard_attachable-2.0.1-copy/lib/src/animation/platform_controllers/android_keyboard_animation_controller.dart", "Dart", 0, 24, 0, 0, 0, 0, 0, 0, 0, 0, 0, 0, 0, 0, 0, 7, 31
"/Users/juanma/development/flutter/release-untitled-startup/untitled_client/keyboard_attachable-2.0.1-copy/lib/src/animation/platform_controllers/ios_keyboard_animation_controller.dart", "Dart", 0, 27, 0, 0, 0, 0, 0, 0, 0, 0, 0, 0, 0, 0, 0, 7, 34
"/Users/juanma/development/flutter/release-untitled-startup/untitled_client/keyboard_attachable-2.0.1-copy/lib/src/footer_layout.dart", "Dart", 0, 37, 0, 0, 0, 0, 0, 0, 0, 0, 0, 0, 0, 0, 9, 10, 56
"/Users/juanma/development/flutter/release-untitled-startup/untitled_client/keyboard_attachable-2.0.1-copy/lib/src/keyboard_attachable.dart", "Dart", 0, 102, 0, 0, 0, 0, 0, 0, 0, 0, 0, 0, 0, 0, 41, 18, 161
"/Users/juanma/development/flutter/release-untitled-startup/untitled_client/keyboard_attachable-2.0.1-copy/lib/src/visibility/default_keyboard_visibility_controller.dart", "Dart", 0, 9, 0, 0, 0, 0, 0, 0, 0, 0, 0, 0, 0, 0, 0, 3, 12
"/Users/juanma/development/flutter/release-untitled-startup/untitled_client/keyboard_attachable-2.0.1-copy/lib/src/visibility/keyboard_visibility_controller.dart", "Dart", 0, 3, 0, 0, 0, 0, 0, 0, 0, 0, 0, 0, 0, 0, 0, 1, 4
"/Users/juanma/development/flutter/release-untitled-startup/untitled_client/keyboard_attachable-2.0.1-copy/pubspec.yaml", "YAML", 14, 0, 0, 0, 0, 0, 0, 0, 0, 0, 0, 0, 0, 0, 0, 5, 19
"/Users/juanma/development/flutter/release-untitled-startup/untitled_client/lib/main.dart", "Dart", 0, 425, 0, 0, 0, 0, 0, 0, 0, 0, 0, 0, 0, 0, 98, 31, 554
"/Users/juanma/development/flutter/release-untitled-startup/untitled_client/lib/src/api/graphql/graphql_api.dart", "Dart", 0, 1, 0, 0, 0, 0, 0, 0, 0, 0, 0, 0, 0, 0, 1, 1, 3
"/Users/juanma/development/flutter/release-untitled-startup/untitled_client/lib/src/api/graphql/graphql_api.graphql.dart", "Dart", 0, 9300, 0, 0, 0, 0, 0, 0, 0, 0, 0, 0, 0, 0, 2, 1355, 10657
"/Users/juanma/development/flutter/release-untitled-startup/untitled_client/lib/src/api/graphql/graphql_api.graphql.g.dart", "Dart", 0, 3338, 0, 0, 0, 0, 0, 0, 0, 0, 0, 0, 0, 0, 5, 443, 3786
"/Users/juanma/development/flutter/release-untitled-startup/untitled_client/lib/src/api/upload_serializer.dart", "Dart", 0, 5, 0, 0, 0, 0, 0, 0, 0, 0, 0, 0, 0, 0, 1, 2, 8
"/Users/juanma/development/flutter/release-untitled-startup/untitled_client/lib/src/bloc/TextFocUnfoc/textFocUnfocCubit.dart", "Dart", 0, 12, 0, 0, 0, 0, 0, 0, 0, 0, 0, 0, 0, 0, 0, 2, 14
"/Users/juanma/development/flutter/release-untitled-startup/untitled_client/lib/src/bloc/TextFocUnfoc/textFocUnfocState.dart", "Dart", 0, 8, 0, 0, 0, 0, 0, 0, 0, 0, 0, 0, 0, 0, 0, 4, 12
"/Users/juanma/development/flutter/release-untitled-startup/untitled_client/lib/src/bloc/commentLike/commentLikeCubit.dart", "Dart", 0, 81, 0, 0, 0, 0, 0, 0, 0, 0, 0, 0, 0, 0, 0, 3, 84
"/Users/juanma/development/flutter/release-untitled-startup/untitled_client/lib/src/bloc/commentLike/commentLikeState.dart", "Dart", 0, 55, 0, 0, 0, 0, 0, 0, 0, 0, 0, 0, 0, 0, 0, 11, 66
"/Users/juanma/development/flutter/release-untitled-startup/untitled_client/lib/src/bloc/comments/commentBloc.dart", "Dart", 0, 166, 0, 0, 0, 0, 0, 0, 0, 0, 0, 0, 0, 0, 4, 16, 186
"/Users/juanma/development/flutter/release-untitled-startup/untitled_client/lib/src/bloc/comments/commentCounter/commentCounterCubit.dart", "Dart", 0, 23, 0, 0, 0, 0, 0, 0, 0, 0, 0, 0, 0, 0, 0, 2, 25
"/Users/juanma/development/flutter/release-untitled-startup/untitled_client/lib/src/bloc/comments/commentCounter/commentCounterState.dart", "Dart", 0, 33, 0, 0, 0, 0, 0, 0, 0, 0, 0, 0, 0, 0, 0, 7, 40
"/Users/juanma/development/flutter/release-untitled-startup/untitled_client/lib/src/bloc/comments/commentEvent.dart", "Dart", 0, 95, 0, 0, 0, 0, 0, 0, 0, 0, 0, 0, 0, 0, 2, 13, 110
"/Users/juanma/development/flutter/release-untitled-startup/untitled_client/lib/src/bloc/comments/commentOrReply/commentOrReplyBloc.dart", "Dart", 0, 23, 0, 0, 0, 0, 0, 0, 0, 0, 0, 0, 0, 0, 0, 4, 27
"/Users/juanma/development/flutter/release-untitled-startup/untitled_client/lib/src/bloc/comments/commentOrReply/commentOrReplyEvent.dart", "Dart", 0, 41, 0, 0, 0, 0, 0, 0, 0, 0, 0, 0, 0, 0, 0, 7, 48
"/Users/juanma/development/flutter/release-untitled-startup/untitled_client/lib/src/bloc/comments/commentOrReply/commentOrReplyState.dart", "Dart", 0, 41, 0, 0, 0, 0, 0, 0, 0, 0, 0, 0, 0, 0, 0, 7, 48
"/Users/juanma/development/flutter/release-untitled-startup/untitled_client/lib/src/bloc/comments/commentState.dart", "Dart", 0, 30, 0, 0, 0, 0, 0, 0, 0, 0, 0, 0, 0, 0, 0, 7, 37
"/Users/juanma/development/flutter/release-untitled-startup/untitled_client/lib/src/bloc/comments/replies/repliesBloc.dart", "Dart", 0, 156, 0, 0, 0, 0, 0, 0, 0, 0, 0, 0, 0, 0, 12, 15, 183
"/Users/juanma/development/flutter/release-untitled-startup/untitled_client/lib/src/bloc/comments/replies/repliesEvent.dart", "Dart", 0, 97, 0, 0, 0, 0, 0, 0, 0, 0, 0, 0, 0, 0, 0, 11, 108
"/Users/juanma/development/flutter/release-untitled-startup/untitled_client/lib/src/bloc/comments/replies/repliesState.dart", "Dart", 0, 27, 0, 0, 0, 0, 0, 0, 0, 0, 0, 0, 0, 0, 1, 6, 34
"/Users/juanma/development/flutter/release-untitled-startup/untitled_client/lib/src/bloc/commentsOrUsers/commentsOrUsersCubit.dart", "Dart", 0, 11, 0, 0, 0, 0, 0, 0, 0, 0, 0, 0, 0, 0, 0, 3, 14
"/Users/juanma/development/flutter/release-untitled-startup/untitled_client/lib/src/bloc/commentsOrUsers/commentsOrUsersState.dart", "Dart", 0, 23, 0, 0, 0, 0, 0, 0, 0, 0, 0, 0, 0, 0, 0, 9, 32
"/Users/juanma/development/flutter/release-untitled-startup/untitled_client/lib/src/bloc/deletePost/deletePostCubit.dart", "Dart", 0, 30, 0, 0, 0, 0, 0, 0, 0, 0, 0, 0, 0, 0, 5, 3, 38
"/Users/juanma/development/flutter/release-untitled-startup/untitled_client/lib/src/bloc/deletePost/deletePostState.dart", "Dart", 0, 29, 0, 0, 0, 0, 0, 0, 0, 0, 0, 0, 0, 0, 0, 7, 36
"/Users/juanma/development/flutter/release-untitled-startup/untitled_client/lib/src/bloc/deleteUserBloc/deleteUserCubit.dart", "Dart", 0, 35, 0, 0, 0, 0, 0, 0, 0, 0, 0, 0, 0, 0, 2, 3, 40
"/Users/juanma/development/flutter/release-untitled-startup/untitled_client/lib/src/bloc/deleteUserBloc/deleteUserState.dart", "Dart", 0, 39, 0, 0, 0, 0, 0, 0, 0, 0, 0, 0, 0, 0, 0, 10, 49
"/Users/juanma/development/flutter/release-untitled-startup/untitled_client/lib/src/bloc/discover/discoverBloc.dart", "Dart", 0, 0, 0, 0, 0, 0, 0, 0, 0, 0, 0, 0, 0, 0, 0, 1, 1
"/Users/juanma/development/flutter/release-untitled-startup/untitled_client/lib/src/bloc/discover/discoverEvent.dart", "Dart", 0, 0, 0, 0, 0, 0, 0, 0, 0, 0, 0, 0, 0, 0, 0, 1, 1
"/Users/juanma/development/flutter/release-untitled-startup/untitled_client/lib/src/bloc/discover/discoverState.dart", "Dart", 0, 0, 0, 0, 0, 0, 0, 0, 0, 0, 0, 0, 0, 0, 0, 1, 1
"/Users/juanma/development/flutter/release-untitled-startup/untitled_client/lib/src/bloc/flushBars/flushBarsCubit.dart", "Dart", 0, 14, 0, 0, 0, 0, 0, 0, 0, 0, 0, 0, 0, 0, 0, 4, 18
"/Users/juanma/development/flutter/release-untitled-startup/untitled_client/lib/src/bloc/flushBars/flushBarsState.dart", "Dart", 0, 10, 0, 0, 0, 0, 0, 0, 0, 0, 0, 0, 0, 0, 0, 6, 16
"/Users/juanma/development/flutter/release-untitled-startup/untitled_client/lib/src/bloc/follow/followCubit.dart", "Dart", 0, 45, 0, 0, 0, 0, 0, 0, 0, 0, 0, 0, 0, 0, 0, 2, 47
"/Users/juanma/development/flutter/release-untitled-startup/untitled_client/lib/src/bloc/follow/followState.dart", "Dart", 0, 31, 0, 0, 0, 0, 0, 0, 0, 0, 0, 0, 0, 0, 0, 7, 38
"/Users/juanma/development/flutter/release-untitled-startup/untitled_client/lib/src/bloc/forYouFollowing/forYouFollowingCubit.dart", "Dart", 0, 12, 0, 0, 0, 0, 0, 0, 0, 0, 0, 0, 0, 0, 0, 2, 14
"/Users/juanma/development/flutter/release-untitled-startup/untitled_client/lib/src/bloc/forYouFollowing/forYouFollowingState.dart", "Dart", 0, 8, 0, 0, 0, 0, 0, 0, 0, 0, 0, 0, 0, 0, 0, 4, 12
"/Users/juanma/development/flutter/release-untitled-startup/untitled_client/lib/src/bloc/forgotPassword/forgotPasswordCubit.dart", "Dart", 0, 61, 0, 0, 0, 0, 0, 0, 0, 0, 0, 0, 0, 0, 1, 10, 72
"/Users/juanma/development/flutter/release-untitled-startup/untitled_client/lib/src/bloc/forgotPassword/forgotPasswordState.dart", "Dart", 0, 38, 0, 0, 0, 0, 0, 0, 0, 0, 0, 0, 0, 0, 0, 9, 47
"/Users/juanma/development/flutter/release-untitled-startup/untitled_client/lib/src/bloc/gallery/galleryBloc.dart", "Dart", 0, 57, 0, 0, 0, 0, 0, 0, 0, 0, 0, 0, 0, 0, 13, 4, 74
"/Users/juanma/development/flutter/release-untitled-startup/untitled_client/lib/src/bloc/gallery/galleryEvent.dart", "Dart", 0, 39, 0, 0, 0, 0, 0, 0, 0, 0, 0, 0, 0, 0, 0, 10, 49
"/Users/juanma/development/flutter/release-untitled-startup/untitled_client/lib/src/bloc/gallery/galleryState.dart", "Dart", 0, 31, 0, 0, 0, 0, 0, 0, 0, 0, 0, 0, 0, 0, 0, 12, 43
"/Users/juanma/development/flutter/release-untitled-startup/untitled_client/lib/src/bloc/gallery/loading/galleryLoadingCubit.dart", "Dart", 0, 12, 0, 0, 0, 0, 0, 0, 0, 0, 0, 0, 0, 0, 0, 2, 14
"/Users/juanma/development/flutter/release-untitled-startup/untitled_client/lib/src/bloc/gallery/loading/galleryLoadingState.dart", "Dart", 0, 9, 0, 0, 0, 0, 0, 0, 0, 0, 0, 0, 0, 0, 0, 5, 14
"/Users/juanma/development/flutter/release-untitled-startup/untitled_client/lib/src/bloc/homeAppBar/homeAppBarCubit.dart", "Dart", 0, 38, 0, 0, 0, 0, 0, 0, 0, 0, 0, 0, 0, 0, 1, 2, 41
"/Users/juanma/development/flutter/release-untitled-startup/untitled_client/lib/src/bloc/homeAppBar/homeAppBarState.dart", "Dart", 0, 21, 0, 0, 0, 0, 0, 0, 0, 0, 0, 0, 0, 0, 0, 5, 26
"/Users/juanma/development/flutter/release-untitled-startup/untitled_client/lib/src/bloc/imgSize/imgSizeCubit.dart", "Dart", 0, 13, 0, 0, 0, 0, 0, 0, 0, 0, 0, 0, 0, 0, 0, 2, 15
"/Users/juanma/development/flutter/release-untitled-startup/untitled_client/lib/src/bloc/imgSize/imgSizeState.dart", "Dart", 0, 19, 0, 0, 0, 0, 0, 0, 0, 0, 0, 0, 0, 0, 0, 5, 24
"/Users/juanma/development/flutter/release-untitled-startup/untitled_client/lib/src/bloc/like/likeBloc.dart", "Dart", 0, 45, 0, 0, 0, 0, 0, 0, 0, 0, 0, 0, 0, 0, 9, 2, 56
"/Users/juanma/development/flutter/release-untitled-startup/untitled_client/lib/src/bloc/like/likeEvent.dart", "Dart", 0, 22, 0, 0, 0, 0, 0, 0, 0, 0, 0, 0, 0, 0, 0, 6, 28
"/Users/juanma/development/flutter/release-untitled-startup/untitled_client/lib/src/bloc/like/likeState.dart", "Dart", 0, 31, 0, 0, 0, 0, 0, 0, 0, 0, 0, 0, 0, 0, 0, 8, 39
"/Users/juanma/development/flutter/release-untitled-startup/untitled_client/lib/src/bloc/loading/loadinComments/loadingCommentsCubit.dart", "Dart", 0, 12, 0, 0, 0, 0, 0, 0, 0, 0, 0, 0, 0, 0, 0, 2, 14
"/Users/juanma/development/flutter/release-untitled-startup/untitled_client/lib/src/bloc/loading/loadinComments/loadingCommentsState.dart", "Dart", 0, 27, 0, 0, 0, 0, 0, 0, 0, 0, 0, 0, 0, 0, 0, 7, 34
"/Users/juanma/development/flutter/release-untitled-startup/untitled_client/lib/src/bloc/loading/loadingBloc.dart", "Dart", 0, 12, 0, 0, 0, 0, 0, 0, 0, 0, 0, 0, 0, 0, 2, 2, 16
"/Users/juanma/development/flutter/release-untitled-startup/untitled_client/lib/src/bloc/loading/loadingNotifications/loadingNotificationsCubit.dart", "Dart", 0, 12, 0, 0, 0, 0, 0, 0, 0, 0, 0, 0, 0, 0, 0, 2, 14
"/Users/juanma/development/flutter/release-untitled-startup/untitled_client/lib/src/bloc/loading/loadingNotifications/loadingNotificationsState.dart", "Dart", 0, 9, 0, 0, 0, 0, 0, 0, 0, 0, 0, 0, 0, 0, 0, 5, 14
"/Users/juanma/development/flutter/release-untitled-startup/untitled_client/lib/src/bloc/loading/loadingReplies/loadingRepliesCubit.dart", "Dart", 0, 12, 0, 0, 0, 0, 0, 0, 0, 0, 0, 0, 0, 0, 0, 2, 14
"/Users/juanma/development/flutter/release-untitled-startup/untitled_client/lib/src/bloc/loading/loadingReplies/loadingRepliesState.dart", "Dart", 0, 27, 0, 0, 0, 0, 0, 0, 0, 0, 0, 0, 0, 0, 0, 7, 34
"/Users/juanma/development/flutter/release-untitled-startup/untitled_client/lib/src/bloc/loading/loadingSinglePost/loadingSinglePostCubit.dart", "Dart", 0, 12, 0, 0, 0, 0, 0, 0, 0, 0, 0, 0, 0, 0, 0, 2, 14
"/Users/juanma/development/flutter/release-untitled-startup/untitled_client/lib/src/bloc/loading/loadingSinglePost/loadingSinglePostState.dart", "Dart", 0, 23, 0, 0, 0, 0, 0, 0, 0, 0, 0, 0, 0, 0, 0, 7, 30
"/Users/juanma/development/flutter/release-untitled-startup/untitled_client/lib/src/bloc/loading/loadingState.dart", "Dart", 0, 23, 0, 0, 0, 0, 0, 0, 0, 0, 0, 0, 0, 0, 0, 7, 30
"/Users/juanma/development/flutter/release-untitled-startup/untitled_client/lib/src/bloc/loading/loadingUserFollow/loadingUserFollowCubit.dart", "Dart", 0, 20, 0, 0, 0, 0, 0, 0, 0, 0, 0, 0, 0, 0, 0, 2, 22
"/Users/juanma/development/flutter/release-untitled-startup/untitled_client/lib/src/bloc/loading/loadingUserFollow/loadingUserFollowState.dart", "Dart", 0, 31, 0, 0, 0, 0, 0, 0, 0, 0, 0, 0, 0, 0, 0, 7, 38
"/Users/juanma/development/flutter/release-untitled-startup/untitled_client/lib/src/bloc/loading/loadingUserPosts/loadingUserPostsCubit.dart", "Dart", 0, 12, 0, 0, 0, 0, 0, 0, 0, 0, 0, 0, 0, 0, 0, 2, 14
"/Users/juanma/development/flutter/release-untitled-startup/untitled_client/lib/src/bloc/loading/loadingUserPosts/loadingUserPostsState.dart", "Dart", 0, 23, 0, 0, 0, 0, 0, 0, 0, 0, 0, 0, 0, 0, 0, 7, 30
"/Users/juanma/development/flutter/release-untitled-startup/untitled_client/lib/src/bloc/me/meBloc.dart", "Dart", 0, 72, 0, 0, 0, 0, 0, 0, 0, 0, 0, 0, 0, 0, 2, 4, 78
"/Users/juanma/development/flutter/release-untitled-startup/untitled_client/lib/src/bloc/me/meEvent.dart", "Dart", 0, 9, 0, 0, 0, 0, 0, 0, 0, 0, 0, 0, 0, 0, 0, 6, 15
"/Users/juanma/development/flutter/release-untitled-startup/untitled_client/lib/src/bloc/me/meState.dart", "Dart", 0, 26, 0, 0, 0, 0, 0, 0, 0, 0, 0, 0, 0, 0, 0, 11, 37
"/Users/juanma/development/flutter/release-untitled-startup/untitled_client/lib/src/bloc/notifications/notificationsCubit.dart", "Dart", 0, 59, 0, 0, 0, 0, 0, 0, 0, 0, 0, 0, 0, 0, 1, 9, 69
"/Users/juanma/development/flutter/release-untitled-startup/untitled_client/lib/src/bloc/notifications/notificationsState.dart", "Dart", 0, 19, 0, 0, 0, 0, 0, 0, 0, 0, 0, 0, 0, 0, 0, 5, 24
"/Users/juanma/development/flutter/release-untitled-startup/untitled_client/lib/src/bloc/posts/postsBloc.dart", "Dart", 0, 182, 0, 0, 0, 0, 0, 0, 0, 0, 0, 0, 0, 0, 28, 16, 226
"/Users/juanma/development/flutter/release-untitled-startup/untitled_client/lib/src/bloc/posts/postsEvent.dart", "Dart", 0, 93, 0, 0, 0, 0, 0, 0, 0, 0, 0, 0, 0, 0, 3, 11, 107
"/Users/juanma/development/flutter/release-untitled-startup/untitled_client/lib/src/bloc/posts/postsState.dart", "Dart", 0, 43, 0, 0, 0, 0, 0, 0, 0, 0, 0, 0, 0, 0, 0, 8, 51
"/Users/juanma/development/flutter/release-untitled-startup/untitled_client/lib/src/bloc/postsHelperBloc/postsHelperBloc.dart", "Dart", 0, 19, 0, 0, 0, 0, 0, 0, 0, 0, 0, 0, 0, 0, 0, 3, 22
"/Users/juanma/development/flutter/release-untitled-startup/untitled_client/lib/src/bloc/postsHelperBloc/postsHelperState.dart", "Dart", 0, 22, 0, 0, 0, 0, 0, 0, 0, 0, 0, 0, 0, 0, 0, 5, 27
"/Users/juanma/development/flutter/release-untitled-startup/untitled_client/lib/src/bloc/profilePostsHelperBloc/profilePostsHelperBloc.dart", "Dart", 0, 18, 0, 0, 0, 0, 0, 0, 0, 0, 0, 0, 0, 0, 0, 3, 21
"/Users/juanma/development/flutter/release-untitled-startup/untitled_client/lib/src/bloc/profilePostsHelperBloc/profilePostsHelperState.dart", "Dart", 0, 21, 0, 0, 0, 0, 0, 0, 0, 0, 0, 0, 0, 0, 0, 5, 26
"/Users/juanma/development/flutter/release-untitled-startup/untitled_client/lib/src/bloc/queryVideogameCubit/queryVideogameCubit.dart", "Dart", 0, 11, 0, 0, 0, 0, 0, 0, 0, 0, 0, 0, 0, 0, 0, 2, 13
"/Users/juanma/development/flutter/release-untitled-startup/untitled_client/lib/src/bloc/queryVideogameCubit/queryVideogameState.dart", "Dart", 0, 17, 0, 0, 0, 0, 0, 0, 0, 0, 0, 0, 0, 0, 0, 5, 22
"/Users/juanma/development/flutter/release-untitled-startup/untitled_client/lib/src/bloc/search/searchBloc.dart", "Dart", 0, 84, 0, 0, 0, 0, 0, 0, 0, 0, 0, 0, 0, 0, 0, 4, 88
"/Users/juanma/development/flutter/release-untitled-startup/untitled_client/lib/src/bloc/search/searchEvent.dart", "Dart", 0, 57, 0, 0, 0, 0, 0, 0, 0, 0, 0, 0, 0, 0, 0, 12, 69
"/Users/juanma/development/flutter/release-untitled-startup/untitled_client/lib/src/bloc/search/searchState.dart", "Dart", 0, 28, 0, 0, 0, 0, 0, 0, 0, 0, 0, 0, 0, 0, 4, 7, 39
"/Users/juanma/development/flutter/release-untitled-startup/untitled_client/lib/src/bloc/searchedOrSearchUsers/searchedOrSearchUsersCubit.dart", "Dart", 0, 5, 0, 0, 0, 0, 0, 0, 0, 0, 0, 0, 0, 0, 3, 2, 10
"/Users/juanma/development/flutter/release-untitled-startup/untitled_client/lib/src/bloc/searchedOrSearchUsers/searchedOrSearchUsersState.dart", "Dart", 0, 9, 0, 0, 0, 0, 0, 0, 0, 0, 0, 0, 0, 0, 0, 5, 14
"/Users/juanma/development/flutter/release-untitled-startup/untitled_client/lib/src/bloc/selectVideogames/selectVideogamesCubit.dart", "Dart", 0, 59, 0, 0, 0, 0, 0, 0, 0, 0, 0, 0, 0, 0, 0, 3, 62
"/Users/juanma/development/flutter/release-untitled-startup/untitled_client/lib/src/bloc/selectVideogames/selectVideogamesState.dart", "Dart", 0, 60, 0, 0, 0, 0, 0, 0, 0, 0, 0, 0, 0, 0, 0, 11, 71
"/Users/juanma/development/flutter/release-untitled-startup/untitled_client/lib/src/bloc/signIn/signInCubit.dart", "Dart", 0, 44, 0, 0, 0, 0, 0, 0, 0, 0, 0, 0, 0, 0, 1, 5, 50
"/Users/juanma/development/flutter/release-untitled-startup/untitled_client/lib/src/bloc/signIn/signInState.dart", "Dart", 0, 26, 0, 0, 0, 0, 0, 0, 0, 0, 0, 0, 0, 0, 0, 9, 35
"/Users/juanma/development/flutter/release-untitled-startup/untitled_client/lib/src/bloc/signOut/signOutCubit.dart", "Dart", 0, 32, 0, 0, 0, 0, 0, 0, 0, 0, 0, 0, 0, 0, 0, 4, 36
"/Users/juanma/development/flutter/release-untitled-startup/untitled_client/lib/src/bloc/signOut/signOutState.dart", "Dart", 0, 11, 0, 0, 0, 0, 0, 0, 0, 0, 0, 0, 0, 0, 0, 7, 18
"/Users/juanma/development/flutter/release-untitled-startup/untitled_client/lib/src/bloc/signUp/signUpCubit.dart", "Dart", 0, 65, 0, 0, 0, 0, 0, 0, 0, 0, 0, 0, 0, 0, 1, 7, 73
"/Users/juanma/development/flutter/release-untitled-startup/untitled_client/lib/src/bloc/signUp/signUpState.dart", "Dart", 0, 36, 0, 0, 0, 0, 0, 0, 0, 0, 0, 0, 0, 0, 0, 11, 47
"/Users/juanma/development/flutter/release-untitled-startup/untitled_client/lib/src/bloc/singlePost/singlePostCubit.dart", "Dart", 0, 44, 0, 0, 0, 0, 0, 0, 0, 0, 0, 0, 0, 0, 0, 8, 52
"/Users/juanma/development/flutter/release-untitled-startup/untitled_client/lib/src/bloc/singlePost/singlePostState.dart", "Dart", 0, 18, 0, 0, 0, 0, 0, 0, 0, 0, 0, 0, 0, 0, 0, 5, 23
"/Users/juanma/development/flutter/release-untitled-startup/untitled_client/lib/src/bloc/uploadPost/uploadPostBloc.dart", "Dart", 0, 71, 0, 0, 0, 0, 0, 0, 0, 0, 0, 0, 0, 0, 0, 4, 75
"/Users/juanma/development/flutter/release-untitled-startup/untitled_client/lib/src/bloc/uploadPost/uploadPostEvent.dart", "Dart", 0, 35, 0, 0, 0, 0, 0, 0, 0, 0, 0, 0, 0, 0, 0, 12, 47
"/Users/juanma/development/flutter/release-untitled-startup/untitled_client/lib/src/bloc/uploadPost/uploadPostState.dart", "Dart", 0, 18, 0, 0, 0, 0, 0, 0, 0, 0, 0, 0, 0, 0, 0, 8, 26
"/Users/juanma/development/flutter/release-untitled-startup/untitled_client/lib/src/bloc/user/edit/editUserBloc.dart", "Dart", 0, 74, 0, 0, 0, 0, 0, 0, 0, 0, 0, 0, 0, 0, 1, 3, 78
"/Users/juanma/development/flutter/release-untitled-startup/untitled_client/lib/src/bloc/user/edit/editUserEvent.dart", "Dart", 0, 45, 0, 0, 0, 0, 0, 0, 0, 0, 0, 0, 0, 0, 0, 12, 57
"/Users/juanma/development/flutter/release-untitled-startup/untitled_client/lib/src/bloc/user/edit/editUserState.dart", "Dart", 0, 30, 0, 0, 0, 0, 0, 0, 0, 0, 0, 0, 0, 0, 0, 11, 41
"/Users/juanma/development/flutter/release-untitled-startup/untitled_client/lib/src/bloc/user/userBloc.dart", "Dart", 0, 52, 0, 0, 0, 0, 0, 0, 0, 0, 0, 0, 0, 0, 1, 10, 63
"/Users/juanma/development/flutter/release-untitled-startup/untitled_client/lib/src/bloc/user/userEvent.dart", "Dart", 0, 40, 0, 0, 0, 0, 0, 0, 0, 0, 0, 0, 0, 0, 3, 9, 52
"/Users/juanma/development/flutter/release-untitled-startup/untitled_client/lib/src/bloc/user/userState.dart", "Dart", 0, 22, 0, 0, 0, 0, 0, 0, 0, 0, 0, 0, 0, 0, 8, 7, 37
"/Users/juanma/development/flutter/release-untitled-startup/untitled_client/lib/src/bloc/userFollow/userFollowCubit.dart", "Dart", 0, 114, 0, 0, 0, 0, 0, 0, 0, 0, 0, 0, 0, 0, 0, 13, 127
"/Users/juanma/development/flutter/release-untitled-startup/untitled_client/lib/src/bloc/userFollow/userFollowState.dart", "Dart", 0, 37, 0, 0, 0, 0, 0, 0, 0, 0, 0, 0, 0, 0, 0, 7, 44
"/Users/juanma/development/flutter/release-untitled-startup/untitled_client/lib/src/bloc/userPosts/userPostsBloc.dart", "Dart", 0, 107, 0, 0, 0, 0, 0, 0, 0, 0, 0, 0, 0, 0, 2, 12, 121
"/Users/juanma/development/flutter/release-untitled-startup/untitled_client/lib/src/bloc/userPosts/userPostsEvent.dart", "Dart", 0, 83, 0, 0, 0, 0, 0, 0, 0, 0, 0, 0, 0, 0, 4, 11, 98
"/Users/juanma/development/flutter/release-untitled-startup/untitled_client/lib/src/bloc/userPosts/userPostsState.dart", "Dart", 0, 24, 0, 0, 0, 0, 0, 0, 0, 0, 0, 0, 0, 0, 1, 5, 30
"/Users/juanma/development/flutter/release-untitled-startup/untitled_client/lib/src/bloc/userTagAutocomplete/userTagAutocompleteCubit.dart", "Dart", 0, 14, 0, 0, 0, 0, 0, 0, 0, 0, 0, 0, 0, 0, 0, 2, 16
"/Users/juanma/development/flutter/release-untitled-startup/untitled_client/lib/src/bloc/userTagAutocomplete/userTagAutocompleteState.dart", "Dart", 0, 22, 0, 0, 0, 0, 0, 0, 0, 0, 0, 0, 0, 0, 0, 6, 28
"/Users/juanma/development/flutter/release-untitled-startup/untitled_client/lib/src/bloc/videogames/videogamesCubit.dart", "Dart", 0, 54, 0, 0, 0, 0, 0, 0, 0, 0, 0, 0, 0, 0, 0, 6, 60
"/Users/juanma/development/flutter/release-untitled-startup/untitled_client/lib/src/bloc/videogames/videogamesState.dart", "Dart", 0, 52, 0, 0, 0, 0, 0, 0, 0, 0, 0, 0, 0, 0, 0, 14, 66
"/Users/juanma/development/flutter/release-untitled-startup/untitled_client/lib/src/cache/postCache.dart", "Dart", 0, 14, 0, 0, 0, 0, 0, 0, 0, 0, 0, 0, 0, 0, 3, 4, 21
"/Users/juanma/development/flutter/release-untitled-startup/untitled_client/lib/src/cache/user/userCache.dart", "Dart", 0, 0, 0, 0, 0, 0, 0, 0, 0, 0, 0, 0, 0, 0, 17, 5, 22
"/Users/juanma/development/flutter/release-untitled-startup/untitled_client/lib/src/client/client.dart", "Dart", 0, 4, 0, 0, 0, 0, 0, 0, 0, 0, 0, 0, 0, 0, 0, 4, 8
"/Users/juanma/development/flutter/release-untitled-startup/untitled_client/lib/src/client/customLink.dart", "Dart", 0, 77, 0, 0, 0, 0, 0, 0, 0, 0, 0, 0, 0, 0, 5, 16, 98
"/Users/juanma/development/flutter/release-untitled-startup/untitled_client/lib/src/models/currentUser.dart", "Dart", 0, 5, 0, 0, 0, 0, 0, 0, 0, 0, 0, 0, 0, 0, 0, 1, 6
"/Users/juanma/development/flutter/release-untitled-startup/untitled_client/lib/src/models/customMultipartFile.dart", "Dart", 0, 48, 0, 0, 0, 0, 0, 0, 0, 0, 0, 0, 0, 0, 0, 3, 51
"/Users/juanma/development/flutter/release-untitled-startup/untitled_client/lib/src/models/jwt.dart", "Dart", 0, 28, 0, 0, 0, 0, 0, 0, 0, 0, 0, 0, 0, 0, 0, 5, 33
"/Users/juanma/development/flutter/release-untitled-startup/untitled_client/lib/src/repos/galleryRepository.dart", "Dart", 0, 52, 0, 0, 0, 0, 0, 0, 0, 0, 0, 0, 0, 0, 1, 9, 62
"/Users/juanma/development/flutter/release-untitled-startup/untitled_client/lib/src/repos/notificationRepository.dart", "Dart", 0, 40, 0, 0, 0, 0, 0, 0, 0, 0, 0, 0, 0, 0, 1, 3, 44
"/Users/juanma/development/flutter/release-untitled-startup/untitled_client/lib/src/repos/postRepository.dart", "Dart", 0, 386, 0, 0, 0, 0, 0, 0, 0, 0, 0, 0, 0, 0, 9, 25, 420
"/Users/juanma/development/flutter/release-untitled-startup/untitled_client/lib/src/repos/searchRepository.dart", "Dart", 0, 57, 0, 0, 0, 0, 0, 0, 0, 0, 0, 0, 0, 0, 0, 8, 65
"/Users/juanma/development/flutter/release-untitled-startup/untitled_client/lib/src/repos/userRepository.dart", "Dart", 0, 335, 0, 0, 0, 0, 0, 0, 0, 0, 0, 0, 0, 0, 20, 31, 386
"/Users/juanma/development/flutter/release-untitled-startup/untitled_client/lib/src/repos/videogamesRepository.dart", "Dart", 0, 49, 0, 0, 0, 0, 0, 0, 0, 0, 0, 0, 0, 0, 0, 10, 59
"/Users/juanma/development/flutter/release-untitled-startup/untitled_client/lib/src/ui/helpers/GeneralRichText.dart", "Dart", 0, 107, 0, 0, 0, 0, 0, 0, 0, 0, 0, 0, 0, 0, 4, 2, 113
"/Users/juanma/development/flutter/release-untitled-startup/untitled_client/lib/src/ui/helpers/iosKeyboard.dart", "Dart", 0, 114, 0, 0, 0, 0, 0, 0, 0, 0, 0, 0, 0, 0, 3, 14, 131
"/Users/juanma/development/flutter/release-untitled-startup/untitled_client/lib/src/ui/helpers/keyboardAvoider.dart", "Dart", 0, 66, 0, 0, 0, 0, 0, 0, 0, 0, 0, 0, 0, 0, 14, 13, 93
"/Users/juanma/development/flutter/release-untitled-startup/untitled_client/lib/src/ui/helpers/loader.dart", "Dart", 0, 25, 0, 0, 0, 0, 0, 0, 0, 0, 0, 0, 0, 0, 4, 2, 31
"/Users/juanma/development/flutter/release-untitled-startup/untitled_client/lib/src/ui/helpers/paddingWidget.dart", "Dart", 0, 24, 0, 0, 0, 0, 0, 0, 0, 0, 0, 0, 0, 0, 1, 3, 28
"/Users/juanma/development/flutter/release-untitled-startup/untitled_client/lib/src/ui/helpers/profileImg.dart", "Dart", 0, 66, 0, 0, 0, 0, 0, 0, 0, 0, 0, 0, 0, 0, 1, 8, 75
"/Users/juanma/development/flutter/release-untitled-startup/untitled_client/lib/src/ui/helpers/usernameUI.dart", "Dart", 0, 56, 0, 0, 0, 0, 0, 0, 0, 0, 0, 0, 0, 0, 1, 8, 65
"/Users/juanma/development/flutter/release-untitled-startup/untitled_client/lib/src/ui/screens/activity/activity.dart", "Dart", 0, 157, 0, 0, 0, 0, 0, 0, 0, 0, 0, 0, 0, 0, 0, 14, 171
"/Users/juanma/development/flutter/release-untitled-startup/untitled_client/lib/src/ui/screens/activity/notification.dart", "Dart", 0, 339, 0, 0, 0, 0, 0, 0, 0, 0, 0, 0, 0, 0, 10, 17, 366
"/Users/juanma/development/flutter/release-untitled-startup/untitled_client/lib/src/ui/screens/auth/auth.dart", "Dart", 0, 78, 0, 0, 0, 0, 0, 0, 0, 0, 0, 0, 0, 0, 5, 2, 85
"/Users/juanma/development/flutter/release-untitled-startup/untitled_client/lib/src/ui/screens/auth/forgotPassword/changePassword.dart", "Dart", 0, 234, 0, 0, 0, 0, 0, 0, 0, 0, 0, 0, 0, 0, 14, 10, 258
"/Users/juanma/development/flutter/release-untitled-startup/untitled_client/lib/src/ui/screens/auth/forgotPassword/forgotPassword.dart", "Dart", 0, 196, 0, 0, 0, 0, 0, 0, 0, 0, 0, 0, 0, 0, 17, 7, 220
"/Users/juanma/development/flutter/release-untitled-startup/untitled_client/lib/src/ui/screens/auth/forgotPassword/forgotPaswordCode.dart", "Dart", 0, 204, 0, 0, 0, 0, 0, 0, 0, 0, 0, 0, 0, 0, 8, 7, 219
"/Users/juanma/development/flutter/release-untitled-startup/untitled_client/lib/src/ui/screens/auth/forgotPassword/resendCode.dart", "Dart", 0, 90, 0, 0, 0, 0, 0, 0, 0, 0, 0, 0, 0, 0, 4, 8, 102
"/Users/juanma/development/flutter/release-untitled-startup/untitled_client/lib/src/ui/screens/auth/signIn.dart", "Dart", 0, 315, 0, 0, 0, 0, 0, 0, 0, 0, 0, 0, 0, 0, 19, 9, 343
"/Users/juanma/development/flutter/release-untitled-startup/untitled_client/lib/src/ui/screens/auth/signUp.dart", "Dart", 0, 93, 0, 0, 0, 0, 0, 0, 0, 0, 0, 0, 0, 0, 4, 7, 104
"/Users/juanma/development/flutter/release-untitled-startup/untitled_client/lib/src/ui/screens/auth/signUp/birthdaySreen.dart", "Dart", 0, 136, 0, 0, 0, 0, 0, 0, 0, 0, 0, 0, 0, 0, 8, 9, 153
"/Users/juanma/development/flutter/release-untitled-startup/untitled_client/lib/src/ui/screens/auth/signUp/setUpAccount.dart", "Dart", 0, 338, 0, 0, 0, 0, 0, 0, 0, 0, 0, 0, 0, 0, 17, 17, 372
"/Users/juanma/development/flutter/release-untitled-startup/untitled_client/lib/src/ui/screens/auth/signUp/videogameGenreSelection.dart", "Dart", 0, 174, 0, 0, 0, 0, 0, 0, 0, 0, 0, 0, 0, 0, 5, 10, 189
"/Users/juanma/development/flutter/release-untitled-startup/untitled_client/lib/src/ui/screens/createPost/createPost.dart", "Dart", 0, 139, 0, 0, 0, 0, 0, 0, 0, 0, 0, 0, 0, 0, 33, 13, 185
"/Users/juanma/development/flutter/release-untitled-startup/untitled_client/lib/src/ui/screens/createPost/widgets/editVideo.dart", "Dart", 0, 248, 0, 0, 0, 0, 0, 0, 0, 0, 0, 0, 0, 0, 9, 7, 264
"/Users/juanma/development/flutter/release-untitled-startup/untitled_client/lib/src/ui/screens/createPost/widgets/prevData.dart", "Dart", 0, 255, 0, 0, 0, 0, 0, 0, 0, 0, 0, 0, 0, 0, 18, 15, 288
"/Users/juanma/development/flutter/release-untitled-startup/untitled_client/lib/src/ui/screens/createPost/widgets/selectGenres.dart", "Dart", 0, 167, 0, 0, 0, 0, 0, 0, 0, 0, 0, 0, 0, 0, 2, 8, 177
"/Users/juanma/development/flutter/release-untitled-startup/untitled_client/lib/src/ui/screens/createPost/widgets/selectGenresTile.dart", "Dart", 0, 93, 0, 0, 0, 0, 0, 0, 0, 0, 0, 0, 0, 0, 3, 7, 103
"/Users/juanma/development/flutter/release-untitled-startup/untitled_client/lib/src/ui/screens/createPost/widgets/selectVideogames.dart", "Dart", 0, 236, 0, 0, 0, 0, 0, 0, 0, 0, 0, 0, 0, 0, 4, 11, 251
"/Users/juanma/development/flutter/release-untitled-startup/untitled_client/lib/src/ui/screens/createPost/widgets/selectVideogamesTile.dart", "Dart", 0, 148, 0, 0, 0, 0, 0, 0, 0, 0, 0, 0, 0, 0, 1, 2, 151
"/Users/juanma/development/flutter/release-untitled-startup/untitled_client/lib/src/ui/screens/createPost/widgets/uploadScreen.dart", "Dart", 0, 422, 0, 0, 0, 0, 0, 0, 0, 0, 0, 0, 0, 0, 52, 22, 496
"/Users/juanma/development/flutter/release-untitled-startup/untitled_client/lib/src/ui/screens/createPost/widgets/uploadScreenSettings.dart", "Dart", 0, 89, 0, 0, 0, 0, 0, 0, 0, 0, 0, 0, 0, 0, 4, 7, 100
"/Users/juanma/development/flutter/release-untitled-startup/untitled_client/lib/src/ui/screens/discover/discover.dart", "Dart", 0, 190, 0, 0, 0, 0, 0, 0, 0, 0, 0, 0, 0, 0, 75, 6, 271
"/Users/juanma/development/flutter/release-untitled-startup/untitled_client/lib/src/ui/screens/discover/widgets/searchBar.dart", "Dart", 0, 134, 0, 0, 0, 0, 0, 0, 0, 0, 0, 0, 0, 0, 10, 6, 150
"/Users/juanma/development/flutter/release-untitled-startup/untitled_client/lib/src/ui/screens/discover/widgets/searchUserTile.dart", "Dart", 0, 97, 0, 0, 0, 0, 0, 0, 0, 0, 0, 0, 0, 0, 18, 2, 117
"/Users/juanma/development/flutter/release-untitled-startup/untitled_client/lib/src/ui/screens/discover/widgets/searchedUsers.dart", "Dart", 0, 12, 0, 0, 0, 0, 0, 0, 0, 0, 0, 0, 0, 0, 0, 3, 15
"/Users/juanma/development/flutter/release-untitled-startup/untitled_client/lib/src/ui/screens/home/home.dart", "Dart", 0, 241, 0, 0, 0, 0, 0, 0, 0, 0, 0, 0, 0, 0, 16, 12, 269
"/Users/juanma/development/flutter/release-untitled-startup/untitled_client/lib/src/ui/screens/home/homeAppBar.dart", "Dart", 0, 77, 0, 0, 0, 0, 0, 0, 0, 0, 0, 0, 0, 0, 22, 7, 106
"/Users/juanma/development/flutter/release-untitled-startup/untitled_client/lib/src/ui/screens/home/homeAppBarTitle.dart", "Dart", 0, 116, 0, 0, 0, 0, 0, 0, 0, 0, 0, 0, 0, 0, 25, 10, 151
"/Users/juanma/development/flutter/release-untitled-startup/untitled_client/lib/src/ui/screens/home/homeBottomBar.dart", "Dart", 0, 187, 0, 0, 0, 0, 0, 0, 0, 0, 0, 0, 0, 0, 8, 8, 203
"/Users/juanma/development/flutter/release-untitled-startup/untitled_client/lib/src/ui/screens/home/widgets/floatingActions.dart", "Dart", 0, 27, 0, 0, 0, 0, 0, 0, 0, 0, 0, 0, 0, 0, 1, 2, 30
"/Users/juanma/development/flutter/release-untitled-startup/untitled_client/lib/src/ui/screens/post/deletePostDialog.dart", "Dart", 0, 87, 0, 0, 0, 0, 0, 0, 0, 0, 0, 0, 0, 0, 0, 3, 90
"/Users/juanma/development/flutter/release-untitled-startup/untitled_client/lib/src/ui/screens/post/post.dart", "Dart", 0, 381, 0, 0, 0, 0, 0, 0, 0, 0, 0, 0, 0, 0, 3, 18, 402
"/Users/juanma/development/flutter/release-untitled-startup/untitled_client/lib/src/ui/screens/post/postScreen.dart", "Dart", 0, 152, 0, 0, 0, 0, 0, 0, 0, 0, 0, 0, 0, 0, 0, 12, 164
"/Users/juanma/development/flutter/release-untitled-startup/untitled_client/lib/src/ui/screens/post/widgets/comments/commentData.dart", "Dart", 0, 123, 0, 0, 0, 0, 0, 0, 0, 0, 0, 0, 0, 0, 10, 2, 135
"/Users/juanma/development/flutter/release-untitled-startup/untitled_client/lib/src/ui/screens/post/widgets/comments/commentLike.dart", "Dart", 0, 220, 0, 0, 0, 0, 0, 0, 0, 0, 0, 0, 0, 0, 1, 12, 233
"/Users/juanma/development/flutter/release-untitled-startup/untitled_client/lib/src/ui/screens/post/widgets/comments/commentTextField.dart", "Dart", 0, 385, 0, 0, 0, 0, 0, 0, 0, 0, 0, 0, 0, 0, 7, 21, 413
"/Users/juanma/development/flutter/release-untitled-startup/untitled_client/lib/src/ui/screens/post/widgets/comments/commentTile.dart", "Dart", 0, 245, 0, 0, 0, 0, 0, 0, 0, 0, 0, 0, 0, 0, 4, 16, 265
"/Users/juanma/development/flutter/release-untitled-startup/untitled_client/lib/src/ui/screens/post/widgets/comments/replies/replies.dart", "Dart", 0, 176, 0, 0, 0, 0, 0, 0, 0, 0, 0, 0, 0, 0, 3, 6, 185
"/Users/juanma/development/flutter/release-untitled-startup/untitled_client/lib/src/ui/screens/post/widgets/comments/replies/showReplies.dart", "Dart", 0, 142, 0, 0, 0, 0, 0, 0, 0, 0, 0, 0, 0, 0, 9, 2, 153
"/Users/juanma/development/flutter/release-untitled-startup/untitled_client/lib/src/ui/screens/post/widgets/deleteCommentDialog.dart", "Dart", 0, 89, 0, 0, 0, 0, 0, 0, 0, 0, 0, 0, 0, 0, 0, 2, 91
"/Users/juanma/development/flutter/release-untitled-startup/untitled_client/lib/src/ui/screens/posts/postsFeed.dart", "Dart", 0, 565, 0, 0, 0, 0, 0, 0, 0, 0, 0, 0, 0, 0, 292, 38, 895
"/Users/juanma/development/flutter/release-untitled-startup/untitled_client/lib/src/ui/screens/posts/videogameTile.dart", "Dart", 0, 78, 0, 0, 0, 0, 0, 0, 0, 0, 0, 0, 0, 0, 1, 7, 86
"/Users/juanma/development/flutter/release-untitled-startup/untitled_client/lib/src/ui/screens/posts/widgets/forYouFollowing.dart", "Dart", 0, 92, 0, 0, 0, 0, 0, 0, 0, 0, 0, 0, 0, 0, 2, 10, 104
"/Users/juanma/development/flutter/release-untitled-startup/untitled_client/lib/src/ui/screens/posts/widgets/like/comment.dart", "Dart", 0, 69, 0, 0, 0, 0, 0, 0, 0, 0, 0, 0, 0, 0, 7, 6, 82
"/Users/juanma/development/flutter/release-untitled-startup/untitled_client/lib/src/ui/screens/posts/widgets/like/like.dart", "Dart", 0, 182, 0, 0, 0, 0, 0, 0, 0, 0, 0, 0, 0, 0, 12, 13, 207
"/Users/juanma/development/flutter/release-untitled-startup/untitled_client/lib/src/ui/screens/posts/widgets/like/likeCommentWidget.dart", "Dart", 0, 59, 0, 0, 0, 0, 0, 0, 0, 0, 0, 0, 0, 0, 12, 3, 74
"/Users/juanma/development/flutter/release-untitled-startup/untitled_client/lib/src/ui/screens/posts/widgets/playPauseWidget.dart", "Dart", 0, 32, 0, 0, 0, 0, 0, 0, 0, 0, 0, 0, 0, 0, 0, 2, 34
"/Users/juanma/development/flutter/release-untitled-startup/untitled_client/lib/src/ui/screens/posts/widgets/postFeedTile.dart", "Dart", 0, 204, 0, 0, 0, 0, 0, 0, 0, 0, 0, 0, 0, 0, 81, 8, 293
"/Users/juanma/development/flutter/release-untitled-startup/untitled_client/lib/src/ui/screens/posts/widgets/postTileFile.dart", "Dart", 0, 349, 0, 0, 0, 0, 0, 0, 0, 0, 0, 0, 0, 0, 63, 29, 441
"/Users/juanma/development/flutter/release-untitled-startup/untitled_client/lib/src/ui/screens/posts/widgets/postTileFileWidget.dart", "Dart", 0, 0, 0, 0, 0, 0, 0, 0, 0, 0, 0, 0, 0, 0, 50, 2, 52
"/Users/juanma/development/flutter/release-untitled-startup/untitled_client/lib/src/ui/screens/posts/widgets/postsFeedWrapper.dart", "Dart", 0, 131, 0, 0, 0, 0, 0, 0, 0, 0, 0, 0, 0, 0, 10, 9, 150
"/Users/juanma/development/flutter/release-untitled-startup/untitled_client/lib/src/ui/screens/posts/widgets/videogamesList.dart", "Dart", 0, 92, 0, 0, 0, 0, 0, 0, 0, 0, 0, 0, 0, 0, 1, 9, 102
"/Users/juanma/development/flutter/release-untitled-startup/untitled_client/lib/src/ui/screens/settings/settings.dart", "Dart", 0, 171, 0, 0, 0, 0, 0, 0, 0, 0, 0, 0, 0, 0, 26, 8, 205
"/Users/juanma/development/flutter/release-untitled-startup/untitled_client/lib/src/ui/screens/settings/widgets/deleteUserDialog.dart", "Dart", 0, 148, 0, 0, 0, 0, 0, 0, 0, 0, 0, 0, 0, 0, 57, 7, 212
"/Users/juanma/development/flutter/release-untitled-startup/untitled_client/lib/src/ui/screens/settings/widgets/settingTile.dart", "Dart", 0, 48, 0, 0, 0, 0, 0, 0, 0, 0, 0, 0, 0, 0, 0, 2, 50
"/Users/juanma/development/flutter/release-untitled-startup/untitled_client/lib/src/ui/screens/user/editProfile.dart", "Dart", 0, 278, 0, 0, 0, 0, 0, 0, 0, 0, 0, 0, 0, 0, 11, 17, 306
"/Users/juanma/development/flutter/release-untitled-startup/untitled_client/lib/src/ui/screens/user/profile.dart", "Dart", 0, 582, 0, 0, 0, 0, 0, 0, 0, 0, 0, 0, 0, 0, 101, 39, 722
"/Users/juanma/development/flutter/release-untitled-startup/untitled_client/lib/src/ui/screens/user/slivers/profileAppBar.dart", "Dart", 0, 63, 0, 0, 0, 0, 0, 0, 0, 0, 0, 0, 0, 0, 10, 9, 82
"/Users/juanma/development/flutter/release-untitled-startup/untitled_client/lib/src/ui/screens/user/slivers/refreshAppBar.dart", "Dart", 0, 29, 0, 0, 0, 0, 0, 0, 0, 0, 0, 0, 0, 0, 51, 10, 90
"/Users/juanma/development/flutter/release-untitled-startup/untitled_client/lib/src/ui/screens/user/widgets/editProfileField.dart", "Dart", 0, 103, 0, 0, 0, 0, 0, 0, 0, 0, 0, 0, 0, 0, 13, 4, 120
"/Users/juanma/development/flutter/release-untitled-startup/untitled_client/lib/src/ui/screens/user/widgets/followButton.dart", "Dart", 0, 77, 0, 0, 0, 0, 0, 0, 0, 0, 0, 0, 0, 0, 7, 2, 86
"/Users/juanma/development/flutter/release-untitled-startup/untitled_client/lib/src/ui/screens/user/widgets/profileData.dart", "Dart", 0, 72, 0, 0, 0, 0, 0, 0, 0, 0, 0, 0, 0, 0, 13, 2, 87
"/Users/juanma/development/flutter/release-untitled-startup/untitled_client/lib/src/ui/screens/user/widgets/profileFollow.dart", "Dart", 0, 151, 0, 0, 0, 0, 0, 0, 0, 0, 0, 0, 0, 0, 6, 7, 164
"/Users/juanma/development/flutter/release-untitled-startup/untitled_client/lib/src/ui/screens/user/widgets/profileFollowTile.dart", "Dart", 0, 41, 0, 0, 0, 0, 0, 0, 0, 0, 0, 0, 0, 0, 5, 2, 48
"/Users/juanma/development/flutter/release-untitled-startup/untitled_client/lib/src/ui/screens/user/widgets/profilePostsGrid.dart", "Dart", 0, 86, 0, 0, 0, 0, 0, 0, 0, 0, 0, 0, 0, 0, 33, 3, 122
"/Users/juanma/development/flutter/release-untitled-startup/untitled_client/lib/src/ui/screens/user/widgets/profilePostsList.dart", "Dart", 0, 280, 0, 0, 0, 0, 0, 0, 0, 0, 0, 0, 0, 0, 91, 20, 391
"/Users/juanma/development/flutter/release-untitled-startup/untitled_client/lib/src/ui/screens/user/widgets/userFollowTile.dart", "Dart", 0, 147, 0, 0, 0, 0, 0, 0, 0, 0, 0, 0, 0, 0, 1, 6, 154
"/Users/juanma/development/flutter/release-untitled-startup/untitled_client/lib/src/ui/screens/user/widgets/userFollowers.dart", "Dart", 0, 190, 0, 0, 0, 0, 0, 0, 0, 0, 0, 0, 0, 0, 0, 12, 202
"/Users/juanma/development/flutter/release-untitled-startup/untitled_client/lib/src/ui/screens/user/widgets/userFollowing.dart", "Dart", 0, 190, 0, 0, 0, 0, 0, 0, 0, 0, 0, 0, 0, 0, 0, 13, 203
"/Users/juanma/development/flutter/release-untitled-startup/untitled_client/lib/src/ui/wrapper.dart", "Dart", 0, 27, 0, 0, 0, 0, 0, 0, 0, 0, 0, 0, 0, 0, 0, 3, 30
"/Users/juanma/development/flutter/release-untitled-startup/untitled_client/lib/src/utils/comments/commentOptions.dart", "Dart", 0, 198, 0, 0, 0, 0, 0, 0, 0, 0, 0, 0, 0, 0, 38, 36, 272
"/Users/juanma/development/flutter/release-untitled-startup/untitled_client/lib/src/utils/comments/commentUtils.dart", "Dart", 0, 179, 0, 0, 0, 0, 0, 0, 0, 0, 0, 0, 0, 0, 54, 46, 279
"/Users/juanma/development/flutter/release-untitled-startup/untitled_client/lib/src/utils/customAppBar.dart", "Dart", 0, 62, 0, 0, 0, 0, 0, 0, 0, 0, 0, 0, 0, 0, 3, 2, 67
"/Users/juanma/development/flutter/release-untitled-startup/untitled_client/lib/src/utils/customFlushBarShow.dart", "Dart", 0, 10, 0, 0, 0, 0, 0, 0, 0, 0, 0, 0, 0, 0, 0, 2, 12
"/Users/juanma/development/flutter/release-untitled-startup/untitled_client/lib/src/utils/gallery/galleryUtils.dart", "Dart", 0, 47, 0, 0, 0, 0, 0, 0, 0, 0, 0, 0, 0, 0, 43, 7, 97
"/Users/juanma/development/flutter/release-untitled-startup/untitled_client/lib/src/utils/globalUtils.dart", "Dart", 0, 38, 0, 0, 0, 0, 0, 0, 0, 0, 0, 0, 0, 0, 3, 8, 49
"/Users/juanma/development/flutter/release-untitled-startup/untitled_client/lib/src/utils/like/likeOptions.dart", "Dart", 0, 88, 0, 0, 0, 0, 0, 0, 0, 0, 0, 0, 0, 0, 0, 7, 95
"/Users/juanma/development/flutter/release-untitled-startup/untitled_client/lib/src/utils/notifications/notificationOptions.dart", "Dart", 0, 46, 0, 0, 0, 0, 0, 0, 0, 0, 0, 0, 0, 0, 0, 9, 55
"/Users/juanma/development/flutter/release-untitled-startup/untitled_client/lib/src/utils/notifications/notifications.dart", "Dart", 0, 18, 0, 0, 0, 0, 0, 0, 0, 0, 0, 0, 0, 0, 0, 2, 20
"/Users/juanma/development/flutter/release-untitled-startup/untitled_client/lib/src/utils/postListSliver.dart", "Dart", 0, 135, 0, 0, 0, 0, 0, 0, 0, 0, 0, 0, 0, 0, 42, 11, 188
"/Users/juanma/development/flutter/release-untitled-startup/untitled_client/lib/src/utils/postListWidget.dart", "Dart", 0, 133, 0, 0, 0, 0, 0, 0, 0, 0, 0, 0, 0, 0, 126, 10, 269
"/Users/juanma/development/flutter/release-untitled-startup/untitled_client/lib/src/utils/posts/postOptions.dart", "Dart", 0, 305, 0, 0, 0, 0, 0, 0, 0, 0, 0, 0, 0, 0, 2, 49, 356
"/Users/juanma/development/flutter/release-untitled-startup/untitled_client/lib/src/utils/posts/postTypes.dart", "Dart", 0, 249, 0, 0, 0, 0, 0, 0, 0, 0, 0, 0, 0, 0, 16, 76, 341
"/Users/juanma/development/flutter/release-untitled-startup/untitled_client/lib/src/utils/posts/postUtils.dart", "Dart", 0, 36, 0, 0, 0, 0, 0, 0, 0, 0, 0, 0, 0, 0, 72, 25, 133
"/Users/juanma/development/flutter/release-untitled-startup/untitled_client/lib/src/utils/search/searchOptions.dart", "Dart", 0, 69, 0, 0, 0, 0, 0, 0, 0, 0, 0, 0, 0, 0, 4, 24, 97
"/Users/juanma/development/flutter/release-untitled-startup/untitled_client/lib/src/utils/search/searchUtils.dart", "Dart", 0, 57, 0, 0, 0, 0, 0, 0, 0, 0, 0, 0, 0, 0, 0, 21, 78
"/Users/juanma/development/flutter/release-untitled-startup/untitled_client/lib/src/utils/uploadPost/uploadPostUtils.dart", "Dart", 0, 73, 0, 0, 0, 0, 0, 0, 0, 0, 0, 0, 0, 0, 2, 14, 89
"/Users/juanma/development/flutter/release-untitled-startup/untitled_client/lib/src/utils/user/getUserId.dart", "Dart", 0, 0, 0, 0, 0, 0, 0, 0, 0, 0, 0, 0, 0, 0, 11, 1, 12
"/Users/juanma/development/flutter/release-untitled-startup/untitled_client/lib/src/utils/user/userOptions.dart", "Dart", 0, 456, 0, 0, 0, 0, 0, 0, 0, 0, 0, 0, 0, 0, 12, 73, 541
"/Users/juanma/development/flutter/release-untitled-startup/untitled_client/lib/src/utils/user/userUtils.dart", "Dart", 0, 49, 0, 0, 0, 0, 0, 0, 0, 0, 0, 0, 0, 0, 11, 16, 76
"/Users/juanma/development/flutter/release-untitled-startup/untitled_client/lib/src/utils/videogame/videogameOptions.dart", "Dart", 0, 43, 0, 0, 0, 0, 0, 0, 0, 0, 0, 0, 0, 0, 1, 9, 53
"/Users/juanma/development/flutter/release-untitled-startup/untitled_client/package.json", "JSON", 0, 0, 0, 0, 0, 0, 0, 0, 5, 0, 0, 0, 0, 0, 0, 1, 6
"/Users/juanma/development/flutter/release-untitled-startup/untitled_client/pubspec.yaml", "YAML", 263, 0, 0, 0, 0, 0, 0, 0, 0, 0, 0, 0, 0, 0, 46, 15, 324
"/Users/juanma/development/flutter/release-untitled-startup/untitled_client/schema.graphql", "GraphQL", 0, 0, 0, 0, 0, 0, 0, 481, 0, 0, 0, 0, 0, 0, 1, 51, 533
"/Users/juanma/development/flutter/release-untitled-startup/untitled_client/video_compress-3.0.0-custom/CHANGELOG.md", "Markdown", 0, 0, 25, 0, 0, 0, 0, 0, 0, 0, 0, 0, 0, 0, 0, 8, 33
"/Users/juanma/development/flutter/release-untitled-startup/untitled_client/video_compress-3.0.0-custom/README.md", "Markdown", 0, 0, 161, 0, 0, 0, 0, 0, 0, 0, 0, 0, 0, 0, 13, 46, 220
"/Users/juanma/development/flutter/release-untitled-startup/untitled_client/video_compress-3.0.0-custom/android/build.gradle", "Groovy", 0, 0, 0, 0, 38, 0, 0, 0, 0, 0, 0, 0, 0, 0, 0, 8, 46
"/Users/juanma/development/flutter/release-untitled-startup/untitled_client/video_compress-3.0.0-custom/android/gradle.properties", "Properties", 0, 0, 0, 3, 0, 0, 0, 0, 0, 0, 0, 0, 0, 0, 0, 1, 4
"/Users/juanma/development/flutter/release-untitled-startup/untitled_client/video_compress-3.0.0-custom/android/gradle/wrapper/gradle-wrapper.properties", "Properties", 0, 0, 0, 5, 0, 0, 0, 0, 0, 0, 0, 0, 0, 0, 1, 1, 7
"/Users/juanma/development/flutter/release-untitled-startup/untitled_client/video_compress-3.0.0-custom/android/settings.gradle", "Groovy", 0, 0, 0, 0, 1, 0, 0, 0, 0, 0, 0, 0, 0, 0, 0, 1, 2
"/Users/juanma/development/flutter/release-untitled-startup/untitled_client/video_compress-3.0.0-custom/android/src/main/AndroidManifest.xml", "XML", 0, 0, 0, 0, 0, 4, 0, 0, 0, 0, 0, 0, 0, 0, 0, 1, 5
"/Users/juanma/development/flutter/release-untitled-startup/untitled_client/video_compress-3.0.0-custom/ios/Classes/AvController.swift", "Swift", 0, 0, 0, 0, 0, 0, 0, 0, 0, 0, 48, 0, 0, 0, 0, 6, 54
"/Users/juanma/development/flutter/release-untitled-startup/untitled_client/video_compress-3.0.0-custom/ios/Classes/SwiftVideoCompressPlugin.swift", "Swift", 0, 0, 0, 0, 0, 0, 0, 0, 0, 0, 260, 0, 0, 0, 5, 54, 319
"/Users/juanma/development/flutter/release-untitled-startup/untitled_client/video_compress-3.0.0-custom/ios/Classes/Utility.swift", "Swift", 0, 0, 0, 0, 0, 0, 0, 0, 0, 0, 45, 0, 0, 0, 0, 8, 53
"/Users/juanma/development/flutter/release-untitled-startup/untitled_client/video_compress-3.0.0-custom/ios/Classes/VideoCompressPlugin.h", "C++", 0, 0, 0, 0, 0, 0, 0, 0, 0, 0, 0, 3, 0, 0, 0, 2, 5
"/Users/juanma/development/flutter/release-untitled-startup/untitled_client/video_compress-3.0.0-custom/ios/Classes/VideoCompressPlugin.m", "Objective-C", 0, 0, 0, 0, 0, 0, 0, 0, 0, 0, 0, 0, 0, 7, 0, 2, 9
"/Users/juanma/development/flutter/release-untitled-startup/untitled_client/video_compress-3.0.0-custom/ios/video_compress.podspec", "Ruby", 0, 0, 0, 0, 0, 0, 0, 0, 0, 0, 0, 0, 17, 0, 3, 2, 22
"/Users/juanma/development/flutter/release-untitled-startup/untitled_client/video_compress-3.0.0-custom/lib/src/media/media_data.dart", "Dart", 0, 41, 0, 0, 0, 0, 0, 0, 0, 0, 0, 0, 0, 0, 33, 37, 111
"/Users/juanma/development/flutter/release-untitled-startup/untitled_client/video_compress-3.0.0-custom/lib/src/media/media_info.dart", "Dart", 0, 55, 0, 0, 0, 0, 0, 0, 0, 0, 0, 0, 0, 0, 3, 7, 65
"/Users/juanma/development/flutter/release-untitled-startup/untitled_client/video_compress-3.0.0-custom/lib/src/progress_callback/compress_mixin.dart", "Dart", 0, 26, 0, 0, 0, 0, 0, 0, 0, 0, 0, 0, 0, 0, 0, 8, 34
"/Users/juanma/development/flutter/release-untitled-startup/untitled_client/video_compress-3.0.0-custom/lib/src/progress_callback/subscription.dart", "Dart", 0, 23, 0, 0, 0, 0, 0, 0, 0, 0, 0, 0, 0, 0, 1, 7, 31
"/Users/juanma/development/flutter/release-untitled-startup/untitled_client/video_compress-3.0.0-custom/lib/src/video_compress/video_compressor.dart", "Dart", 0, 123, 0, 0, 0, 0, 0, 0, 0, 0, 0, 0, 0, 0, 37, 23, 183
"/Users/juanma/development/flutter/release-untitled-startup/untitled_client/video_compress-3.0.0-custom/lib/src/video_compress/video_quality.dart", "Dart", 0, 1, 0, 0, 0, 0, 0, 0, 0, 0, 0, 0, 0, 0, 0, 1, 2
"/Users/juanma/development/flutter/release-untitled-startup/untitled_client/video_compress-3.0.0-custom/lib/video_compress.dart", "Dart", 0, 6, 0, 0, 0, 0, 0, 0, 0, 0, 0, 0, 0, 0, 0, 2, 8
"/Users/juanma/development/flutter/release-untitled-startup/untitled_client/video_compress-3.0.0-custom/macos/Classes/AvController.swift", "Swift", 0, 0, 0, 0, 0, 0, 0, 0, 0, 0, 47, 0, 0, 0, 1, 6, 54
"/Users/juanma/development/flutter/release-untitled-startup/untitled_client/video_compress-3.0.0-custom/macos/Classes/Utility.swift", "Swift", 0, 0, 0, 0, 0, 0, 0, 0, 0, 0, 45, 0, 0, 0, 0, 8, 53
"/Users/juanma/development/flutter/release-untitled-startup/untitled_client/video_compress-3.0.0-custom/macos/Classes/VideoCompressPlugin.swift", "Swift", 0, 0, 0, 0, 0, 0, 0, 0, 0, 0, 214, 0, 0, 0, 0, 42, 256
"/Users/juanma/development/flutter/release-untitled-startup/untitled_client/video_compress-3.0.0-custom/macos/video_compress.podspec", "Ruby", 0, 0, 0, 0, 0, 0, 0, 0, 0, 0, 0, 0, 17, 0, 3, 2, 22
"/Users/juanma/development/flutter/release-untitled-startup/untitled_client/video_compress-3.0.0-custom/pubspec.yaml", "YAML", 20, 0, 0, 0, 0, 0, 0, 0, 0, 0, 0, 0, 0, 0, 34, 8, 62
"/Users/juanma/development/flutter/release-untitled-startup/untitled_client/video_compress-3.0.0-custom/test/video_compress_test.dart", "Dart", 0, 2, 0, 0, 0, 0, 0, 0, 0, 0, 0, 0, 0, 0, 5, 3, 10
"/Users/juanma/development/flutter/release-untitled-startup/untitled_client/video_player_platform_interface-5.0.1_custom/CHANGELOG.md", "Markdown", 0, 0, 49, 0, 0, 0, 0, 0, 0, 0, 0, 0, 0, 0, 0, 38, 87
"/Users/juanma/development/flutter/release-untitled-startup/untitled_client/video_player_platform_interface-5.0.1_custom/README.md", "Markdown", 0, 0, 18, 0, 0, 0, 0, 0, 0, 0, 0, 0, 0, 0, 0, 9, 27
"/Users/juanma/development/flutter/release-untitled-startup/untitled_client/video_player_platform_interface-5.0.1_custom/analysis_options.yaml", "YAML", 1, 0, 0, 0, 0, 0, 0, 0, 0, 0, 0, 0, 0, 0, 0, 1, 2
"/Users/juanma/development/flutter/release-untitled-startup/untitled_client/video_player_platform_interface-5.0.1_custom/lib/messages.dart", "Dart", 0, 421, 0, 0, 0, 0, 0, 0, 0, 0, 0, 0, 0, 0, 18, 37, 476
"/Users/juanma/development/flutter/release-untitled-startup/untitled_client/video_player_platform_interface-5.0.1_custom/lib/method_channel_video_player.dart", "Dart", 0, 147, 0, 0, 0, 0, 0, 0, 0, 0, 0, 0, 0, 0, 4, 27, 178
"/Users/juanma/development/flutter/release-untitled-startup/untitled_client/video_player_platform_interface-5.0.1_custom/lib/video_player_platform_interface.dart", "Dart", 0, 149, 0, 0, 0, 0, 0, 0, 0, 0, 0, 0, 0, 0, 140, 61, 350
"/Users/juanma/development/flutter/release-untitled-startup/untitled_client/video_player_platform_interface-5.0.1_custom/pubspec.yaml", "YAML", 16, 0, 0, 0, 0, 0, 0, 0, 0, 0, 0, 0, 0, 0, 2, 4, 22
"/Users/juanma/development/flutter/release-untitled-startup/untitled_client/video_player_platform_interface-5.0.1_custom/test/method_channel_video_player_test.dart", "Dart", 0, 293, 0, 0, 0, 0, 0, 0, 0, 0, 0, 0, 0, 0, 9, 43, 345
"/Users/juanma/development/flutter/release-untitled-startup/untitled_client/video_player_platform_interface-5.0.1_custom/test/test.dart", "Dart", 0, 189, 0, 0, 0, 0, 0, 0, 0, 0, 0, 0, 0, 0, 8, 3, 200
"/Users/juanma/development/flutter/release-untitled-startup/untitled_client/video_trimmer-0.5.4-custom/.github/FUNDING.yml", "YAML", 10, 0, 0, 0, 0, 0, 0, 0, 0, 0, 0, 0, 0, 0, 1, 2, 13
"/Users/juanma/development/flutter/release-untitled-startup/untitled_client/video_trimmer-0.5.4-custom/CHANGELOG.md", "Markdown", 0, 0, 83, 0, 0, 0, 0, 0, 0, 0, 0, 0, 0, 0, 0, 54, 137
"/Users/juanma/development/flutter/release-untitled-startup/untitled_client/video_trimmer-0.5.4-custom/README.md", "Markdown", 0, 0, 428, 0, 0, 0, 0, 0, 0, 0, 0, 0, 0, 0, 0, 91, 519
"/Users/juanma/development/flutter/release-untitled-startup/untitled_client/video_trimmer-0.5.4-custom/lib/src/file_formats.dart", "Dart", 0, 32, 0, 0, 0, 0, 0, 0, 0, 0, 0, 0, 0, 0, 9, 5, 46
"/Users/juanma/development/flutter/release-untitled-startup/untitled_client/video_trimmer-0.5.4-custom/lib/src/storage_dir.dart", "Dart", 0, 20, 0, 0, 0, 0, 0, 0, 0, 0, 0, 0, 0, 0, 8, 5, 33
"/Users/juanma/development/flutter/release-untitled-startup/untitled_client/video_trimmer-0.5.4-custom/lib/src/thumbnail_viewer.dart", "Dart", 0, 73, 0, 0, 0, 0, 0, 0, 0, 0, 0, 0, 0, 0, 4, 13, 90
"/Users/juanma/development/flutter/release-untitled-startup/untitled_client/video_trimmer-0.5.4-custom/lib/src/trim_editor.dart", "Dart", 0, 344, 0, 0, 0, 0, 0, 0, 0, 0, 0, 0, 0, 0, 150, 74, 568
"/Users/juanma/development/flutter/release-untitled-startup/untitled_client/video_trimmer-0.5.4-custom/lib/src/trim_editor_painter.dart", "Dart", 0, 111, 0, 0, 0, 0, 0, 0, 0, 0, 0, 0, 0, 0, 66, 24, 201
"/Users/juanma/development/flutter/release-untitled-startup/untitled_client/video_trimmer-0.5.4-custom/lib/src/trimmer.dart", "Dart", 0, 178, 0, 0, 0, 0, 0, 0, 0, 0, 0, 0, 0, 0, 96, 41, 315
"/Users/juanma/development/flutter/release-untitled-startup/untitled_client/video_trimmer-0.5.4-custom/lib/src/video_viewer.dart", "Dart", 0, 66, 0, 0, 0, 0, 0, 0, 0, 0, 0, 0, 0, 0, 25, 12, 103
"/Users/juanma/development/flutter/release-untitled-startup/untitled_client/video_trimmer-0.5.4-custom/lib/video_trimmer.dart", "Dart", 0, 8, 0, 0, 0, 0, 0, 0, 0, 0, 0, 0, 0, 0, 0, 2, 10
"/Users/juanma/development/flutter/release-untitled-startup/untitled_client/video_trimmer-0.5.4-custom/pubspec.yaml", "YAML", 20, 0, 0, 0, 0, 0, 0, 0, 0, 0, 0, 0, 0, 0, 0, 7, 27
"/Users/juanma/development/flutter/release-untitled-startup/untitled_client/web/index.html", "HTML", 0, 0, 0, 0, 0, 0, 0, 0, 0, 79, 0, 0, 0, 0, 14, 6, 99
"/Users/juanma/development/flutter/release-untitled-startup/untitled_client/web/manifest.json", "JSON", 0, 0, 0, 0, 0, 0, 0, 0, 23, 0, 0, 0, 0, 0, 0, 1, 24
"Total", "-", 521, 35302, 912, 24, 215, 258, 6, 1237, 341, 105, 686, 5, 34, 7, 3206, 4970, 47829